CountryName,CountryCode,Date,cases_weekly,deaths_weekly,StringencyIndex,StringencyIndexForDisplay
Albania,ALB,2021-01-18T00:00:00Z,4095,36,60.19,60.19
Albania,ALB,2021-01-11T00:00:00Z,4157,48,60.19,60.19
Albania,ALB,2021-01-04T00:00:00Z,2866,29,56.48,56.48
Albania,ALB,2020-12-28T00:00:00Z,3569,76,56.48,56.48
Albania,ALB,2020-12-21T00:00:00Z,4473,85,60.19,60.19
Albania,ALB,2020-12-14T00:00:00Z,5542,98,65.74,65.74
Albania,ALB,2020-12-07T00:00:00Z,5363,107,65.74,65.74
Albania,ALB,2020-11-30T00:00:00Z,4864,99,65.74,65.74
Albania,ALB,2020-11-23T00:00:00Z,4931,76,65.74,65.74
Albania,ALB,2020-11-16T00:00:00Z,3624,64,65.74,65.74
Albania,ALB,2020-11-09T00:00:00Z,3004,41,50.93,50.93
Albania,ALB,2020-11-02T00:00:00Z,2045,41,50.93,50.93
Albania,ALB,2020-10-26T00:00:00Z,2102,26,54.63,54.63
Albania,ALB,2020-10-19T00:00:00Z,1656,31,54.63,54.63
Albania,ALB,2020-10-12T00:00:00Z,1133,24,54.63,54.63
Albania,ALB,2020-10-05T00:00:00Z,1007,19,54.63,54.63
Albania,ALB,2020-09-28T00:00:00Z,874,15,54.63,54.63
Albania,ALB,2020-09-21T00:00:00Z,1032,28,54.63,54.63
Albania,ALB,2020-09-14T00:00:00Z,1098,18,54.63,54.63
Albania,ALB,2020-09-07T00:00:00Z,875,36,54.63,54.63
Albania,ALB,2020-08-31T00:00:00Z,953,30,54.63,54.63
Albania,ALB,2020-08-24T00:00:00Z,1047,22,57.41,57.41
Albania,ALB,2020-08-17T00:00:00Z,969,29,57.41,57.41
Albania,ALB,2020-08-10T00:00:00Z,892,33,57.41,57.41
Albania,ALB,2020-08-03T00:00:00Z,756,28,62.96,62.96
Albania,ALB,2020-07-27T00:00:00Z,673,26,62.96,62.96
Albania,ALB,2020-07-20T00:00:00Z,636,19,62.96,62.96
Albania,ALB,2020-07-13T00:00:00Z,561,17,62.96,62.96
Albania,ALB,2020-07-06T00:00:00Z,491,21,62.96,62.96
Albania,ALB,2020-06-29T00:00:00Z,475,11,68.52,68.52
Albania,ALB,2020-06-22T00:00:00Z,406,8,68.52,68.52
Albania,ALB,2020-06-15T00:00:00Z,275,2,71.3,71.3
Albania,ALB,2020-06-08T00:00:00Z,109,1,71.3,71.3
Albania,ALB,2020-06-01T00:00:00Z,139,1,71.3,71.3
Albania,ALB,2020-05-25T00:00:00Z,52,1,83.33,83.33
Albania,ALB,2020-05-18T00:00:00Z,78,0,83.33,83.33
Albania,ALB,2020-05-11T00:00:00Z,73,0,89.81,89.81
Albania,ALB,2020-05-04T00:00:00Z,69,3,89.81,89.81
Albania,ALB,2020-04-27T00:00:00Z,164,2,89.81,89.81
Albania,ALB,2020-04-20T00:00:00Z,116,3,89.81,89.81
Albania,ALB,2020-04-13T00:00:00Z,85,2,84.26,84.26
Albania,ALB,2020-04-06T00:00:00Z,149,11,84.26,84.26
Albania,ALB,2020-03-30T00:00:00Z,123,8,84.26,84.26
Albania,ALB,2020-03-23T00:00:00Z,47,1,84.26,84.26
Albania,ALB,2020-03-16T00:00:00Z,40,1,81.48,81.48
Albania,ALB,2020-03-09T00:00:00Z,2,0,36.11,36.11
Austria,AUT,2021-01-18T00:00:00Z,11406,383,82.41,82.41
Austria,AUT,2021-01-11T00:00:00Z,15133,378,82.41,82.41
Austria,AUT,2021-01-04T00:00:00Z,13188,381,82.41,82.41
Austria,AUT,2020-12-28T00:00:00Z,15164,656,82.41,82.41
Austria,AUT,2020-12-21T00:00:00Z,16186,816,71.3,71.3
Austria,AUT,2020-12-14T00:00:00Z,19060,668,71.3,71.3
Austria,AUT,2020-12-07T00:00:00Z,22794,828,71.3,71.3
Austria,AUT,2020-11-30T00:00:00Z,32058,705,82.41,82.41
Austria,AUT,2020-11-23T00:00:00Z,42630,520,82.41,82.41
Austria,AUT,2020-11-16T00:00:00Z,50986,344,75,75
Austria,AUT,2020-11-09T00:00:00Z,41398,221,75,75
Austria,AUT,2020-11-02T00:00:00Z,28574,130,75,75
Austria,AUT,2020-10-26T00:00:00Z,16979,74,60.19,60.19
Austria,AUT,2020-10-19T00:00:00Z,9574,46,58.8,58.8
Austria,AUT,2020-10-12T00:00:00Z,7365,51,40.74,40.74
Austria,AUT,2020-10-05T00:00:00Z,5152,26,40.74,40.74
Austria,AUT,2020-09-28T00:00:00Z,4909,21,37.04,37.04
Austria,AUT,2020-09-21T00:00:00Z,5222,10,37.04,37.04
Austria,AUT,2020-09-14T00:00:00Z,4141,20,36.11,36.11
Austria,AUT,2020-09-07T00:00:00Z,1976,3,36.11,36.11
Austria,AUT,2020-08-31T00:00:00Z,1979,1,35.19,35.19
Austria,AUT,2020-08-24T00:00:00Z,1866,4,35.19,35.19
Austria,AUT,2020-08-17T00:00:00Z,1362,7,35.19,35.19
Austria,AUT,2020-08-10T00:00:00Z,702,3,35.19,35.19
Austria,AUT,2020-08-03T00:00:00Z,823,6,35.19,35.19
Austria,AUT,2020-07-27T00:00:00Z,915,2,35.19,35.19
Austria,AUT,2020-07-20T00:00:00Z,724,2,35.19,35.19
Austria,AUT,2020-07-13T00:00:00Z,578,2,35.19,35.19
Austria,AUT,2020-07-06T00:00:00Z,644,4,47.22,47.22
Austria,AUT,2020-06-29T00:00:00Z,340,12,47.22,47.22
Austria,AUT,2020-06-22T00:00:00Z,247,13,47.22,47.22
Austria,AUT,2020-06-15T00:00:00Z,170,5,47.22,47.22
Austria,AUT,2020-06-08T00:00:00Z,226,4,47.22,47.22
Austria,AUT,2020-06-01T00:00:00Z,203,28,53.7,53.7
Austria,AUT,2020-05-25T00:00:00Z,285,11,59.26,59.26
Austria,AUT,2020-05-18T00:00:00Z,367,11,59.26,59.26
Austria,AUT,2020-05-11T00:00:00Z,249,20,59.26,59.26
Austria,AUT,2020-05-04T00:00:00Z,349,56,64.81,64.81
Austria,AUT,2020-04-27T00:00:00Z,479,90,75,75
Austria,AUT,2020-04-20T00:00:00Z,773,102,77.78,77.78
Austria,AUT,2020-04-13T00:00:00Z,1954,146,81.48,81.48
Austria,AUT,2020-04-06T00:00:00Z,3170,118,81.48,81.48
Austria,AUT,2020-03-30T00:00:00Z,5182,70,81.48,81.48
Austria,AUT,2020-03-23T00:00:00Z,2771,15,81.48,81.48
Austria,AUT,2020-03-16T00:00:00Z,758,1,81.48,81.48
Austria,AUT,2020-03-09T00:00:00Z,88,0,19.44,19.44
Austria,AUT,2020-03-02T00:00:00Z,14,0,11.11,11.11
Austria,AUT,2020-02-24T00:00:00Z,0,0,11.11,11.11
Austria,AUT,2020-02-17T00:00:00Z,0,0,0,0
Austria,AUT,2020-02-10T00:00:00Z,0,0,0,0
Austria,AUT,2020-02-03T00:00:00Z,0,0,0,0
Austria,AUT,2020-01-27T00:00:00Z,0,0,0,0
Austria,AUT,2020-01-20T00:00:00Z,0,0,0,0
Austria,AUT,2020-01-13T00:00:00Z,0,0,0,0
Austria,AUT,2020-01-06T00:00:00Z,0,0,0,0
Belarus,BLR,2021-01-18T00:00:00Z,13367,65,27.78,27.78
Belarus,BLR,2021-01-11T00:00:00Z,14031,75,27.78,27.78
Belarus,BLR,2021-01-04T00:00:00Z,11374,57,27.78,27.78
Belarus,BLR,2020-12-28T00:00:00Z,15065,70,27.78,27.78
Belarus,BLR,2020-12-21T00:00:00Z,13228,61,22.22,22.22
Belarus,BLR,2020-12-14T00:00:00Z,13138,56,22.22,22.22
Belarus,BLR,2020-12-07T00:00:00Z,12149,56,22.22,22.22
Belarus,BLR,2020-11-30T00:00:00Z,11009,55,22.22,22.22
Belarus,BLR,2020-11-23T00:00:00Z,9814,50,22.22,22.22
Belarus,BLR,2020-11-16T00:00:00Z,7906,39,22.22,22.22
Belarus,BLR,2020-11-09T00:00:00Z,6820,22,22.22,22.22
Belarus,BLR,2020-11-02T00:00:00Z,6636,28,22.22,22.22
Belarus,BLR,2020-10-26T00:00:00Z,5125,28,16.67,16.67
Belarus,BLR,2020-10-19T00:00:00Z,4164,33,16.67,16.67
Belarus,BLR,2020-10-12T00:00:00Z,3239,39,16.67,16.67
Belarus,BLR,2020-10-05T00:00:00Z,2686,39,16.67,16.67
Belarus,BLR,2020-09-28T00:00:00Z,1935,38,16.67,16.67
Belarus,BLR,2020-09-21T00:00:00Z,1501,30,16.67,16.67
Belarus,BLR,2020-09-14T00:00:00Z,1314,39,16.67,16.67
Belarus,BLR,2020-09-07T00:00:00Z,1172,35,16.67,16.67
Belarus,BLR,2020-08-31T00:00:00Z,1219,34,16.67,16.67
Belarus,BLR,2020-08-24T00:00:00Z,952,32,16.67,16.67
Belarus,BLR,2020-08-17T00:00:00Z,666,23,16.67,16.67
Belarus,BLR,2020-08-10T00:00:00Z,783,20,16.67,16.67
Belarus,BLR,2020-08-03T00:00:00Z,935,33,16.67,16.67
Belarus,BLR,2020-07-27T00:00:00Z,1037,35,16.67,16.67
Belarus,BLR,2020-07-20T00:00:00Z,1163,35,16.67,16.67
Belarus,BLR,2020-07-13T00:00:00Z,1378,41,16.67,16.67
Belarus,BLR,2020-07-06T00:00:00Z,2079,40,16.67,16.67
Belarus,BLR,2020-06-29T00:00:00Z,2970,37,16.67,16.67
Belarus,BLR,2020-06-22T00:00:00Z,4532,38,16.67,16.67
Belarus,BLR,2020-06-15T00:00:00Z,5343,39,16.67,16.67
Belarus,BLR,2020-06-08T00:00:00Z,6074,34,16.67,16.67
Belarus,BLR,2020-06-01T00:00:00Z,6358,36,16.67,16.67
Belarus,BLR,2020-05-25T00:00:00Z,6548,34,16.67,16.67
Belarus,BLR,2020-05-18T00:00:00Z,6677,34,16.67,16.67
Belarus,BLR,2020-05-11T00:00:00Z,6268,32,16.67,16.67
Belarus,BLR,2020-05-04T00:00:00Z,6242,27,16.67,16.67
Belarus,BLR,2020-04-27T00:00:00Z,4656,25,16.67,16.67
Belarus,BLR,2020-04-20T00:00:00Z,3229,21,16.67,16.67
Belarus,BLR,2020-04-13T00:00:00Z,2014,18,18.52,18.52
Belarus,BLR,2020-04-06T00:00:00Z,470,8,18.52,18.52
Belarus,BLR,2020-03-30T00:00:00Z,18,0,8.33,8.33
Belarus,BLR,2020-03-23T00:00:00Z,49,0,8.33,8.33
Belarus,BLR,2020-03-16T00:00:00Z,21,0,8.33,8.33
Belarus,BLR,2020-03-09T00:00:00Z,5,0,0,0
Belarus,BLR,2020-03-02T00:00:00Z,1,0,0,0
Belarus,BLR,2020-02-24T00:00:00Z,0,0,0,0
Belarus,BLR,2020-02-17T00:00:00Z,0,0,0,0
Belarus,BLR,2020-02-10T00:00:00Z,0,0,0,0
Belarus,BLR,2020-02-03T00:00:00Z,0,0,0,0
Belarus,BLR,2020-01-27T00:00:00Z,0,0,0,0
Belarus,BLR,2020-01-20T00:00:00Z,0,0,0,0
Belarus,BLR,2020-01-13T00:00:00Z,0,0,0,0
Belarus,BLR,2020-01-06T00:00:00Z,0,0,0,0
Belgium,BEL,2021-01-18T00:00:00Z,13749,335,60.19,60.19
Belgium,BEL,2021-01-11T00:00:00Z,14696,382,60.19,60.19
Belgium,BEL,2021-01-04T00:00:00Z,11380,455,60.19,60.19
Belgium,BEL,2020-12-28T00:00:00Z,12582,530,60.19,60.19
Belgium,BEL,2020-12-21T00:00:00Z,17683,653,60.19,60.19
Belgium,BEL,2020-12-14T00:00:00Z,16793,664,60.19,60.19
Belgium,BEL,2020-12-07T00:00:00Z,15273,702,60.19,60.19
Belgium,BEL,2020-11-30T00:00:00Z,16252,875,63.89,63.89
Belgium,BEL,2020-11-23T00:00:00Z,22306,1125,63.89,63.89
Belgium,BEL,2020-11-16T00:00:00Z,33961,1335,63.89,63.89
Belgium,BEL,2020-11-09T00:00:00Z,53993,1416,65.74,65.74
Belgium,BEL,2020-11-02T00:00:00Z,99544,1060,65.74,65.74
Belgium,BEL,2020-10-26T00:00:00Z,105329,501,54.63,54.63
Belgium,BEL,2020-10-19T00:00:00Z,72195,236,54.63,54.63
Belgium,BEL,2020-10-12T00:00:00Z,38829,139,45.37,45.37
Belgium,BEL,2020-10-05T00:00:00Z,18884,84,47.22,47.22
Belgium,BEL,2020-09-28T00:00:00Z,11274,39,52.78,52.78
Belgium,BEL,2020-09-21T00:00:00Z,10108,27,52.78,52.78
Belgium,BEL,2020-09-14T00:00:00Z,6158,19,52.78,52.78
Belgium,BEL,2020-09-07T00:00:00Z,3655,17,52.78,52.78
Belgium,BEL,2020-08-31T00:00:00Z,3121,28,52.78,52.78
Belgium,BEL,2020-08-24T00:00:00Z,3453,42,58.33,58.33
Belgium,BEL,2020-08-17T00:00:00Z,3751,75,58.33,58.33
Belgium,BEL,2020-08-10T00:00:00Z,4340,30,64.81,64.81
Belgium,BEL,2020-08-03T00:00:00Z,3759,20,62.96,62.96
Belgium,BEL,2020-07-27T00:00:00Z,2489,15,50,50
Belgium,BEL,2020-07-20T00:00:00Z,1385,19,50,50
Belgium,BEL,2020-07-13T00:00:00Z,704,13,50,50
Belgium,BEL,2020-07-06T00:00:00Z,637,25,50,50
Belgium,BEL,2020-06-29T00:00:00Z,607,39,51.85,51.85
Belgium,BEL,2020-06-22T00:00:00Z,668,43,51.85,51.85
Belgium,BEL,2020-06-15T00:00:00Z,671,58,51.85,51.85
Belgium,BEL,2020-06-08T00:00:00Z,847,113,51.85,51.85
Belgium,BEL,2020-06-01T00:00:00Z,1144,161,75,75
Belgium,BEL,2020-05-25T00:00:00Z,1510,233,75,75
Belgium,BEL,2020-05-18T00:00:00Z,2071,315,75,75
Belgium,BEL,2020-05-11T00:00:00Z,3051,540,75,75
Belgium,BEL,2020-05-04T00:00:00Z,3095,701,81.48,81.48
Belgium,BEL,2020-04-27T00:00:00Z,5703,1197,81.48,81.48
Belgium,BEL,2020-04-20T00:00:00Z,7963,1667,81.48,81.48
Belgium,BEL,2020-04-13T00:00:00Z,11175,1979,81.48,81.48
Belgium,BEL,2020-04-06T00:00:00Z,9694,1584,81.48,81.48
Belgium,BEL,2020-03-30T00:00:00Z,8130,782,81.48,81.48
Belgium,BEL,2020-03-23T00:00:00Z,3673,199,81.48,81.48
Belgium,BEL,2020-03-16T00:00:00Z,1348,19,50.93,50.93
Belgium,BEL,2020-03-09T00:00:00Z,388,0,13.89,13.89
Belgium,BEL,2020-03-02T00:00:00Z,19,0,11.11,11.11
Belgium,BEL,2020-02-24T00:00:00Z,0,0,11.11,11.11
Belgium,BEL,2020-02-17T00:00:00Z,0,0,11.11,11.11
Belgium,BEL,2020-02-10T00:00:00Z,0,0,11.11,11.11
Belgium,BEL,2020-02-03T00:00:00Z,0,0,11.11,11.11
Belgium,BEL,2020-01-27T00:00:00Z,0,0,0,0
Belgium,BEL,2020-01-20T00:00:00Z,0,0,0,0
Belgium,BEL,2020-01-13T00:00:00Z,0,0,0,0
Belgium,BEL,2020-01-06T00:00:00Z,0,0,0,0
Bosnia and Herzegovina,BIH,2021-01-18T00:00:00Z,2325,128,42.59,42.59
Bosnia and Herzegovina,BIH,2021-01-11T00:00:00Z,3113,227,42.59,42.59
Bosnia and Herzegovina,BIH,2021-01-04T00:00:00Z,2954,178,42.59,42.59
Bosnia and Herzegovina,BIH,2020-12-28T00:00:00Z,4167,328,42.59,42.59
Bosnia and Herzegovina,BIH,2020-12-21T00:00:00Z,4407,289,42.59,42.59
Bosnia and Herzegovina,BIH,2020-12-14T00:00:00Z,6610,384,48.15,48.15
Bosnia and Herzegovina,BIH,2020-12-07T00:00:00Z,7133,332,50,50
Bosnia and Herzegovina,BIH,2020-11-30T00:00:00Z,7367,344,50,50
Bosnia and Herzegovina,BIH,2020-11-23T00:00:00Z,9107,419,50,50
Bosnia and Herzegovina,BIH,2020-11-16T00:00:00Z,8477,347,50,50
Bosnia and Herzegovina,BIH,2020-11-09T00:00:00Z,10918,262,42.59,42.59
Bosnia and Herzegovina,BIH,2020-11-02T00:00:00Z,10611,162,42.59,42.59
Bosnia and Herzegovina,BIH,2020-10-26T00:00:00Z,6774,102,42.59,42.59
Bosnia and Herzegovina,BIH,2020-10-19T00:00:00Z,3475,63,40.74,40.74
Bosnia and Herzegovina,BIH,2020-10-12T00:00:00Z,2670,50,40.74,40.74
Bosnia and Herzegovina,BIH,2020-10-05T00:00:00Z,1058,61,40.74,40.74
Bosnia and Herzegovina,BIH,2020-09-28T00:00:00Z,1493,53,40.74,40.74
Bosnia and Herzegovina,BIH,2020-09-21T00:00:00Z,1962,68,40.74,40.74
Bosnia and Herzegovina,BIH,2020-09-14T00:00:00Z,2320,50,40.74,40.74
Bosnia and Herzegovina,BIH,2020-09-07T00:00:00Z,1353,47,40.74,40.74
Bosnia and Herzegovina,BIH,2020-08-31T00:00:00Z,1889,63,46.3,46.3
Bosnia and Herzegovina,BIH,2020-08-24T00:00:00Z,2365,60,53.7,53.7
Bosnia and Herzegovina,BIH,2020-08-17T00:00:00Z,1210,67,59.26,59.26
Bosnia and Herzegovina,BIH,2020-08-10T00:00:00Z,2217,59,59.26,59.26
Bosnia and Herzegovina,BIH,2020-08-03T00:00:00Z,2039,60,59.26,59.26
Bosnia and Herzegovina,BIH,2020-07-27T00:00:00Z,1617,33,59.26,59.26
Bosnia and Herzegovina,BIH,2020-07-20T00:00:00Z,1568,30,56.48,56.48
Bosnia and Herzegovina,BIH,2020-07-13T00:00:00Z,1491,27,56.48,56.48
Bosnia and Herzegovina,BIH,2020-07-06T00:00:00Z,1178,11,56.48,56.48
Bosnia and Herzegovina,BIH,2020-06-29T00:00:00Z,784,13,51.85,51.85
Bosnia and Herzegovina,BIH,2020-06-22T00:00:00Z,430,6,51.85,51.85
Bosnia and Herzegovina,BIH,2020-06-15T00:00:00Z,328,4,51.85,51.85
Bosnia and Herzegovina,BIH,2020-06-08T00:00:00Z,164,7,54.63,54.63
Bosnia and Herzegovina,BIH,2020-06-01T00:00:00Z,109,9,54.63,54.63
Bosnia and Herzegovina,BIH,2020-05-25T00:00:00Z,111,11,71.3,71.3
Bosnia and Herzegovina,BIH,2020-05-18T00:00:00Z,172,25,76.85,76.85
Bosnia and Herzegovina,BIH,2020-05-11T00:00:00Z,260,31,81.48,81.48
Bosnia and Herzegovina,BIH,2020-05-04T00:00:00Z,341,18,90.74,90.74
Bosnia and Herzegovina,BIH,2020-04-27T00:00:00Z,247,12,90.74,90.74
Bosnia and Herzegovina,BIH,2020-04-20T00:00:00Z,262,8,92.59,92.59
Bosnia and Herzegovina,BIH,2020-04-13T00:00:00Z,344,14,92.59,92.59
Bosnia and Herzegovina,BIH,2020-04-06T00:00:00Z,340,18,89.81,89.81
Bosnia and Herzegovina,BIH,2020-03-30T00:00:00Z,198,5,89.81,89.81
Bosnia and Herzegovina,BIH,2020-03-23T00:00:00Z,107,1,89.81,89.81
Bosnia and Herzegovina,BIH,2020-03-16T00:00:00Z,18,0,45.83,45.83
Bulgaria,BGR,2021-01-18T00:00:00Z,3302,357,NA,53.7
Bulgaria,BGR,2021-01-11T00:00:00Z,5460,448,53.7,53.7
Bulgaria,BGR,2021-01-04T00:00:00Z,5335,514,53.7,53.7
Bulgaria,BGR,2020-12-28T00:00:00Z,6521,555,53.7,53.7
Bulgaria,BGR,2020-12-21T00:00:00Z,11746,921,54.63,54.63
Bulgaria,BGR,2020-12-14T00:00:00Z,18028,891,57.41,57.41
Bulgaria,BGR,2020-12-07T00:00:00Z,18935,983,57.41,57.41
Bulgaria,BGR,2020-11-30T00:00:00Z,20666,934,57.41,57.41
Bulgaria,BGR,2020-11-23T00:00:00Z,23569,750,48.15,48.15
Bulgaria,BGR,2020-11-16T00:00:00Z,23091,465,48.15,48.15
Bulgaria,BGR,2020-11-09T00:00:00Z,21091,367,48.15,48.15
Bulgaria,BGR,2020-11-02T00:00:00Z,16180,204,48.15,48.15
Bulgaria,BGR,2020-10-26T00:00:00Z,8386,108,39.35,39.35
Bulgaria,BGR,2020-10-19T00:00:00Z,5101,94,35.19,35.19
Bulgaria,BGR,2020-10-12T00:00:00Z,2815,48,35.19,35.19
Bulgaria,BGR,2020-10-05T00:00:00Z,1532,48,35.19,35.19
Bulgaria,BGR,2020-09-28T00:00:00Z,1192,35,35.19,35.19
Bulgaria,BGR,2020-09-21T00:00:00Z,945,41,35.19,35.19
Bulgaria,BGR,2020-09-14T00:00:00Z,868,49,38.89,38.89
Bulgaria,BGR,2020-09-07T00:00:00Z,860,58,38.89,38.89
Bulgaria,BGR,2020-08-31T00:00:00Z,903,68,38.89,38.89
Bulgaria,BGR,2020-08-24T00:00:00Z,922,47,38.89,38.89
Bulgaria,BGR,2020-08-17T00:00:00Z,969,51,38.89,38.89
Bulgaria,BGR,2020-08-10T00:00:00Z,1441,59,38.89,38.89
Bulgaria,BGR,2020-08-03T00:00:00Z,1528,48,41.67,41.67
Bulgaria,BGR,2020-07-27T00:00:00Z,1694,40,36.11,36.11
Bulgaria,BGR,2020-07-20T00:00:00Z,1481,32,36.11,36.11
Bulgaria,BGR,2020-07-13T00:00:00Z,1512,22,36.11,36.11
Bulgaria,BGR,2020-07-06T00:00:00Z,1049,27,36.11,36.11
Bulgaria,BGR,2020-06-29T00:00:00Z,786,20,36.11,36.11
Bulgaria,BGR,2020-06-22T00:00:00Z,615,25,36.11,36.11
Bulgaria,BGR,2020-06-15T00:00:00Z,563,14,38.89,38.89
Bulgaria,BGR,2020-06-08T00:00:00Z,214,20,44.44,44.44
Bulgaria,BGR,2020-06-01T00:00:00Z,80,10,44.44,44.44
Bulgaria,BGR,2020-05-25T00:00:00Z,198,20,56.48,56.48
Bulgaria,BGR,2020-05-18T00:00:00Z,270,19,62.96,62.96
Bulgaria,BGR,2020-05-11T00:00:00Z,347,18,60.19,60.19
Bulgaria,BGR,2020-05-04T00:00:00Z,318,17,73.15,73.15
Bulgaria,BGR,2020-04-27T00:00:00Z,385,13,73.15,73.15
Bulgaria,BGR,2020-04-20T00:00:00Z,240,14,73.15,73.15
Bulgaria,BGR,2020-04-13T00:00:00Z,144,9,71.3,71.3
Bulgaria,BGR,2020-04-06T00:00:00Z,185,12,71.3,71.3
Bulgaria,BGR,2020-03-30T00:00:00Z,161,5,73.15,73.15
Bulgaria,BGR,2020-03-23T00:00:00Z,134,1,73.15,73.15
Bulgaria,BGR,2020-03-16T00:00:00Z,47,2,50.93,50.93
Bulgaria,BGR,2020-03-09T00:00:00Z,4,0,21.3,21.3
Croatia,HRV,2021-01-18T00:00:00Z,4905,252,47.22,47.22
Croatia,HRV,2021-01-11T00:00:00Z,7265,331,50.93,50.93
Croatia,HRV,2021-01-04T00:00:00Z,7712,333,50.93,50.93
Croatia,HRV,2020-12-28T00:00:00Z,9518,482,50.93,50.93
Croatia,HRV,2020-12-21T00:00:00Z,19842,617,50.93,50.93
Croatia,HRV,2020-12-14T00:00:00Z,25533,466,50.93,50.93
Croatia,HRV,2020-12-07T00:00:00Z,23741,462,47.22,47.22
Croatia,HRV,2020-11-30T00:00:00Z,22894,359,41.67,41.67
Croatia,HRV,2020-11-23T00:00:00Z,19512,304,38.89,38.89
Croatia,HRV,2020-11-16T00:00:00Z,16959,255,31.48,31.48
Croatia,HRV,2020-11-09T00:00:00Z,15752,232,31.48,31.48
Croatia,HRV,2020-11-02T00:00:00Z,15115,125,31.48,31.48
Croatia,HRV,2020-10-26T00:00:00Z,10800,74,31.48,31.48
Croatia,HRV,2020-10-19T00:00:00Z,5140,39,28.7,28.7
Croatia,HRV,2020-10-12T00:00:00Z,2781,26,28.7,28.7
Croatia,HRV,2020-10-05T00:00:00Z,1462,26,28.7,28.7
Croatia,HRV,2020-09-28T00:00:00Z,1275,24,28.7,28.7
Croatia,HRV,2020-09-21T00:00:00Z,1389,24,28.7,28.7
Croatia,HRV,2020-09-14T00:00:00Z,1569,26,28.7,28.7
Croatia,HRV,2020-09-07T00:00:00Z,1841,14,28.7,28.7
Croatia,HRV,2020-08-31T00:00:00Z,1948,13,35.19,35.19
Croatia,HRV,2020-08-24T00:00:00Z,1604,5,35.19,35.19
Croatia,HRV,2020-08-17T00:00:00Z,967,9,35.19,35.19
Croatia,HRV,2020-08-10T00:00:00Z,344,8,35.19,35.19
Croatia,HRV,2020-08-03T00:00:00Z,403,13,35.19,35.19
Croatia,HRV,2020-07-27T00:00:00Z,503,16,35.19,35.19
Croatia,HRV,2020-07-20T00:00:00Z,632,1,46.3,46.3
Croatia,HRV,2020-07-13T00:00:00Z,571,6,49.07,49.07
Croatia,HRV,2020-07-06T00:00:00Z,460,6,54.63,54.63
Croatia,HRV,2020-06-29T00:00:00Z,374,0,54.63,54.63
Croatia,HRV,2020-06-22T00:00:00Z,65,0,54.63,54.63
Croatia,HRV,2020-06-15T00:00:00Z,5,3,54.63,54.63
Croatia,HRV,2020-06-08T00:00:00Z,1,1,50.93,50.93
Croatia,HRV,2020-06-01T00:00:00Z,2,4,50.93,50.93
Croatia,HRV,2020-05-25T00:00:00Z,18,4,62.04,62.04
Croatia,HRV,2020-05-18T00:00:00Z,39,5,70.37,70.37
Croatia,HRV,2020-05-11T00:00:00Z,91,11,70.37,70.37
Croatia,HRV,2020-05-04T00:00:00Z,66,24,89.81,89.81
Croatia,HRV,2020-04-27T00:00:00Z,159,8,89.81,89.81
Croatia,HRV,2020-04-20T00:00:00Z,271,24,96.3,96.3
Croatia,HRV,2020-04-13T00:00:00Z,418,8,96.3,96.3
Croatia,HRV,2020-04-06T00:00:00Z,469,9,96.3,96.3
Croatia,HRV,2020-03-30T00:00:00Z,478,6,96.3,96.3
Croatia,HRV,2020-03-23T00:00:00Z,187,0,96.3,96.3
Croatia,HRV,2020-03-16T00:00:00Z,36,0,41.67,41.67
Croatia,HRV,2020-03-09T00:00:00Z,5,0,13.89,13.89
Croatia,HRV,2020-03-02T00:00:00Z,7,0,13.89,13.89
Croatia,HRV,2020-02-24T00:00:00Z,0,0,13.89,13.89
Croatia,HRV,2020-02-17T00:00:00Z,0,0,13.89,13.89
Croatia,HRV,2020-02-10T00:00:00Z,0,0,13.89,13.89
Croatia,HRV,2020-02-03T00:00:00Z,0,0,11.11,11.11
Croatia,HRV,2020-01-27T00:00:00Z,0,0,5.56,5.56
Croatia,HRV,2020-01-20T00:00:00Z,0,0,0,0
Croatia,HRV,2020-01-13T00:00:00Z,0,0,0,0
Croatia,HRV,2020-01-06T00:00:00Z,0,0,0,0
Czech Republic,CZE,2021-01-18T00:00:00Z,56398,1177,69.44,69.44
Czech Republic,CZE,2021-01-11T00:00:00Z,88740,1202,69.44,69.44
Czech Republic,CZE,2021-01-04T00:00:00Z,72374,918,69.44,69.44
Czech Republic,CZE,2020-12-28T00:00:00Z,46817,741,69.44,69.44
Czech Republic,CZE,2020-12-21T00:00:00Z,46444,802,69.44,69.44
Czech Republic,CZE,2020-12-14T00:00:00Z,34246,707,62.04,62.04
Czech Republic,CZE,2020-12-07T00:00:00Z,27110,764,62.04,62.04
Czech Republic,CZE,2020-11-30T00:00:00Z,27460,942,69.44,69.44
Czech Republic,CZE,2020-11-23T00:00:00Z,32147,988,69.44,69.44
Czech Republic,CZE,2020-11-16T00:00:00Z,45288,1350,73.15,73.15
Czech Republic,CZE,2020-11-09T00:00:00Z,73184,1429,73.15,73.15
Czech Republic,CZE,2020-11-02T00:00:00Z,83547,1228,73.15,73.15
Czech Republic,CZE,2020-10-26T00:00:00Z,84212,779,73.15,73.15
Czech Republic,CZE,2020-10-19T00:00:00Z,56775,388,48.15,48.15
Czech Republic,CZE,2020-10-12T00:00:00Z,34664,307,48.15,48.15
Czech Republic,CZE,2020-10-05T00:00:00Z,17849,121,48.15,48.15
Czech Republic,CZE,2020-09-28T00:00:00Z,15357,103,38.89,38.89
Czech Republic,CZE,2020-09-21T00:00:00Z,13052,47,38.89,38.89
Czech Republic,CZE,2020-09-14T00:00:00Z,8032,20,38.89,38.89
Czech Republic,CZE,2020-09-07T00:00:00Z,3789,13,36.11,36.11
Czech Republic,CZE,2020-08-31T00:00:00Z,2444,11,36.11,36.11
Czech Republic,CZE,2020-08-24T00:00:00Z,1911,15,36.11,36.11
Czech Republic,CZE,2020-08-17T00:00:00Z,1657,8,36.11,36.11
Czech Republic,CZE,2020-08-10T00:00:00Z,1555,6,36.11,36.11
Czech Republic,CZE,2020-08-03T00:00:00Z,1476,12,36.11,36.11
Czech Republic,CZE,2020-07-27T00:00:00Z,1379,12,36.11,36.11
Czech Republic,CZE,2020-07-20T00:00:00Z,771,7,37.5,37.5
Czech Republic,CZE,2020-07-13T00:00:00Z,659,4,34.72,34.72
Czech Republic,CZE,2020-07-06T00:00:00Z,912,0,34.72,34.72
Czech Republic,CZE,2020-06-29T00:00:00Z,1105,12,35.19,35.19
Czech Republic,CZE,2020-06-22T00:00:00Z,474,7,35.19,35.19
Czech Republic,CZE,2020-06-15T00:00:00Z,396,2,41.67,41.67
Czech Republic,CZE,2020-06-08T00:00:00Z,355,7,41.67,41.67
Czech Republic,CZE,2020-06-01T00:00:00Z,316,5,41.67,41.67
Czech Republic,CZE,2020-05-25T00:00:00Z,482,18,45.37,45.37
Czech Republic,CZE,2020-05-18T00:00:00Z,352,17,57.41,57.41
Czech Republic,CZE,2020-05-11T00:00:00Z,342,32,57.41,57.41
Czech Republic,CZE,2020-05-04T00:00:00Z,377,27,57.41,57.41
Czech Republic,CZE,2020-04-27T00:00:00Z,617,33,57.41,57.41
Czech Republic,CZE,2020-04-20T00:00:00Z,796,50,63.89,63.89
Czech Republic,CZE,2020-04-13T00:00:00Z,1404,71,74.07,74.07
Czech Republic,CZE,2020-04-06T00:00:00Z,1758,51,74.07,74.07
Czech Republic,CZE,2020-03-30T00:00:00Z,1664,15,82.41,82.41
Czech Republic,CZE,2020-03-23T00:00:00Z,867,1,82.41,82.41
Czech Republic,CZE,2020-03-16T00:00:00Z,266,0,79.63,79.63
Czech Republic,CZE,2020-03-09T00:00:00Z,29,0,19.44,19.44
Czech Republic,CZE,2020-03-02T00:00:00Z,3,0,19.44,19.44
Czech Republic,CZE,2020-02-24T00:00:00Z,0,0,16.67,16.67
Czech Republic,CZE,2020-02-17T00:00:00Z,0,0,16.67,16.67
Czech Republic,CZE,2020-02-10T00:00:00Z,0,0,16.67,16.67
Czech Republic,CZE,2020-02-03T00:00:00Z,0,0,16.67,16.67
Czech Republic,CZE,2020-01-27T00:00:00Z,0,0,11.11,11.11
Czech Republic,CZE,2020-01-20T00:00:00Z,0,0,0,0
Czech Republic,CZE,2020-01-13T00:00:00Z,0,0,0,0
Czech Republic,CZE,2020-01-06T00:00:00Z,0,0,0,0
Denmark,DNK,2021-01-18T00:00:00Z,7170,208,NA,70.37
Denmark,DNK,2021-01-11T00:00:00Z,14014,223,70.37,70.37
Denmark,DNK,2021-01-04T00:00:00Z,15362,170,67.59,67.59
Denmark,DNK,2020-12-28T00:00:00Z,18915,169,51.85,51.85
Denmark,DNK,2020-12-21T00:00:00Z,24676,94,51.85,51.85
Denmark,DNK,2020-12-14T00:00:00Z,19155,56,51.85,51.85
Denmark,DNK,2020-12-07T00:00:00Z,11251,56,45.37,45.37
Denmark,DNK,2020-11-30T00:00:00Z,8867,45,45.37,45.37
Denmark,DNK,2020-11-23T00:00:00Z,8349,24,45.37,45.37
Denmark,DNK,2020-11-16T00:00:00Z,7015,17,50,50
Denmark,DNK,2020-11-09T00:00:00Z,7822,20,54.63,54.63
Denmark,DNK,2020-11-02T00:00:00Z,6943,21,39.81,39.81
Denmark,DNK,2020-10-26T00:00:00Z,4964,22,39.81,39.81
Denmark,DNK,2020-10-19T00:00:00Z,2970,11,41.67,41.67
Denmark,DNK,2020-10-12T00:00:00Z,2742,11,41.67,41.67
Denmark,DNK,2020-10-05T00:00:00Z,3043,9,50.93,50.93
Denmark,DNK,2020-09-28T00:00:00Z,4790,14,50.93,50.93
Denmark,DNK,2020-09-21T00:00:00Z,2631,6,50.93,50.93
Denmark,DNK,2020-09-14T00:00:00Z,1669,2,47.69,47.69
Denmark,DNK,2020-09-07T00:00:00Z,847,3,50.93,50.93
Denmark,DNK,2020-08-31T00:00:00Z,573,3,50.93,50.93
Denmark,DNK,2020-08-24T00:00:00Z,510,0,50.93,50.93
Denmark,DNK,2020-08-17T00:00:00Z,1175,4,50.93,50.93
Denmark,DNK,2020-08-10T00:00:00Z,653,2,50.93,50.93
Denmark,DNK,2020-08-03T00:00:00Z,351,2,50.93,50.93
Denmark,DNK,2020-07-27T00:00:00Z,265,2,54.63,54.63
Denmark,DNK,2020-07-20T00:00:00Z,227,2,54.63,54.63
Denmark,DNK,2020-07-13T00:00:00Z,114,3,54.63,54.63
Denmark,DNK,2020-07-06T00:00:00Z,157,2,57.41,57.41
Denmark,DNK,2020-06-29T00:00:00Z,284,4,57.41,57.41
Denmark,DNK,2020-06-22T00:00:00Z,198,3,57.41,57.41
Denmark,DNK,2020-06-15T00:00:00Z,245,8,57.41,57.41
Denmark,DNK,2020-06-08T00:00:00Z,279,15,57.41,57.41
Denmark,DNK,2020-06-01T00:00:00Z,309,12,57.41,57.41
Denmark,DNK,2020-05-25T00:00:00Z,433,15,57.41,57.41
Denmark,DNK,2020-05-18T00:00:00Z,498,28,65.74,65.74
Denmark,DNK,2020-05-11T00:00:00Z,906,38,65.74,65.74
Denmark,DNK,2020-05-04T00:00:00Z,948,59,68.52,68.52
Denmark,DNK,2020-04-27T00:00:00Z,1191,67,68.52,68.52
Denmark,DNK,2020-04-20T00:00:00Z,1210,82,68.52,68.52
Denmark,DNK,2020-04-13T00:00:00Z,1805,94,72.22,72.22
Denmark,DNK,2020-04-06T00:00:00Z,1974,107,72.22,72.22
Denmark,DNK,2020-03-30T00:00:00Z,1000,59,72.22,72.22
Denmark,DNK,2020-03-23T00:00:00Z,520,12,72.22,72.22
Denmark,DNK,2020-03-16T00:00:00Z,837,1,65.74,65.74
Denmark,DNK,2020-03-09T00:00:00Z,34,0,25.93,25.93
Denmark,DNK,2020-03-02T00:00:00Z,4,0,11.11,11.11
Denmark,DNK,2020-02-24T00:00:00Z,0,0,0,0
Denmark,DNK,2020-02-17T00:00:00Z,0,0,0,0
Denmark,DNK,2020-02-10T00:00:00Z,0,0,0,0
Denmark,DNK,2020-02-03T00:00:00Z,0,0,0,0
Denmark,DNK,2020-01-27T00:00:00Z,0,0,0,0
Denmark,DNK,2020-01-20T00:00:00Z,0,0,0,0
Denmark,DNK,2020-01-13T00:00:00Z,0,0,0,0
Denmark,DNK,2020-01-06T00:00:00Z,0,0,0,0
Estonia,EST,2021-01-18T00:00:00Z,3539,46,44.44,44.44
Estonia,EST,2021-01-11T00:00:00Z,4284,36,50,50
Estonia,EST,2021-01-04T00:00:00Z,3713,38,55.56,55.56
Estonia,EST,2020-12-28T00:00:00Z,4014,39,55.56,55.56
Estonia,EST,2020-12-21T00:00:00Z,3739,25,55.56,55.56
Estonia,EST,2020-12-14T00:00:00Z,3077,18,55.56,55.56
Estonia,EST,2020-12-07T00:00:00Z,2926,19,37.96,37.96
Estonia,EST,2020-11-30T00:00:00Z,2328,24,37.96,37.96
Estonia,EST,2020-11-23T00:00:00Z,2087,7,37.96,37.96
Estonia,EST,2020-11-16T00:00:00Z,1512,6,37.96,37.96
Estonia,EST,2020-11-09T00:00:00Z,1140,2,25.93,25.93
Estonia,EST,2020-11-02T00:00:00Z,574,0,25.93,25.93
Estonia,EST,2020-10-26T00:00:00Z,333,5,25.93,25.93
Estonia,EST,2020-10-19T00:00:00Z,213,0,25.93,25.93
Estonia,EST,2020-10-12T00:00:00Z,258,1,25.93,25.93
Estonia,EST,2020-10-05T00:00:00Z,407,3,25.93,25.93
Estonia,EST,2020-09-28T00:00:00Z,276,0,25.93,25.93
Estonia,EST,2020-09-21T00:00:00Z,248,0,25.93,25.93
Estonia,EST,2020-09-14T00:00:00Z,161,0,25.93,25.93
Estonia,EST,2020-09-07T00:00:00Z,142,0,23.15,23.15
Estonia,EST,2020-08-31T00:00:00Z,101,1,23.15,23.15
Estonia,EST,2020-08-24T00:00:00Z,82,0,23.15,23.15
Estonia,EST,2020-08-17T00:00:00Z,38,0,23.15,23.15
Estonia,EST,2020-08-10T00:00:00Z,73,0,23.15,23.15
Estonia,EST,2020-08-03T00:00:00Z,45,0,23.15,23.15
Estonia,EST,2020-07-27T00:00:00Z,13,0,25.93,25.93
Estonia,EST,2020-07-20T00:00:00Z,7,0,25.93,25.93
Estonia,EST,2020-07-13T00:00:00Z,21,0,25.93,25.93
Estonia,EST,2020-07-06T00:00:00Z,6,0,25.93,25.93
Estonia,EST,2020-06-29T00:00:00Z,6,0,28.7,28.7
Estonia,EST,2020-06-22T00:00:00Z,8,0,41.67,41.67
Estonia,EST,2020-06-15T00:00:00Z,34,0,41.67,41.67
Estonia,EST,2020-06-08T00:00:00Z,70,0,41.67,41.67
Estonia,EST,2020-06-01T00:00:00Z,46,0,41.67,41.67
Estonia,EST,2020-05-25T00:00:00Z,49,0,50,50
Estonia,EST,2020-05-18T00:00:00Z,35,3,50,50
Estonia,EST,2020-05-11T00:00:00Z,39,5,62.96,62.96
Estonia,EST,2020-05-04T00:00:00Z,57,6,75,75
Estonia,EST,2020-04-27T00:00:00Z,115,9,75,75
Estonia,EST,2020-04-20T00:00:00Z,219,15,77.78,77.78
Estonia,EST,2020-04-13T00:00:00Z,212,10,77.78,77.78
Estonia,EST,2020-04-06T00:00:00Z,418,12,77.78,77.78
Estonia,EST,2020-03-30T00:00:00Z,353,3,77.78,77.78
Estonia,EST,2020-03-23T00:00:00Z,155,0,50,50
Estonia,EST,2020-03-16T00:00:00Z,161,0,44.44,44.44
Estonia,EST,2020-03-09T00:00:00Z,9,0,0,0
Estonia,EST,2020-03-02T00:00:00Z,1,0,0,0
Estonia,EST,2020-02-24T00:00:00Z,0,0,0,0
Estonia,EST,2020-02-17T00:00:00Z,0,0,0,0
Estonia,EST,2020-02-10T00:00:00Z,0,0,0,0
Estonia,EST,2020-02-03T00:00:00Z,0,0,0,0
Estonia,EST,2020-01-27T00:00:00Z,0,0,0,0
Estonia,EST,2020-01-20T00:00:00Z,0,0,0,0
Estonia,EST,2020-01-13T00:00:00Z,0,0,0,0
Estonia,EST,2020-01-06T00:00:00Z,0,0,0,0
Finland,FIN,2021-01-18T00:00:00Z,1747,24,NA,52.31
Finland,FIN,2021-01-11T00:00:00Z,1671,32,52.31,52.31
Finland,FIN,2021-01-04T00:00:00Z,1782,19,52.31,52.31
Finland,FIN,2020-12-28T00:00:00Z,1975,57,52.31,52.31
Finland,FIN,2020-12-21T00:00:00Z,2352,28,52.31,52.31
Finland,FIN,2020-12-14T00:00:00Z,3179,46,52.31,52.31
Finland,FIN,2020-12-07T00:00:00Z,3002,22,52.31,52.31
Finland,FIN,2020-11-30T00:00:00Z,2990,18,46.76,46.76
Finland,FIN,2020-11-23T00:00:00Z,2324,6,42.13,42.13
Finland,FIN,2020-11-16T00:00:00Z,1518,7,40.74,40.74
Finland,FIN,2020-11-09T00:00:00Z,1506,4,40.74,40.74
Finland,FIN,2020-11-02T00:00:00Z,1443,5,40.74,40.74
Finland,FIN,2020-10-26T00:00:00Z,1424,2,36.57,36.57
Finland,FIN,2020-10-19T00:00:00Z,1426,5,36.57,36.57
Finland,FIN,2020-10-12T00:00:00Z,1460,1,36.57,36.57
Finland,FIN,2020-10-05T00:00:00Z,856,2,32.41,32.41
Finland,FIN,2020-09-28T00:00:00Z,702,4,32.41,32.41
Finland,FIN,2020-09-21T00:00:00Z,400,2,32.41,32.41
Finland,FIN,2020-09-14T00:00:00Z,289,1,32.41,32.41
Finland,FIN,2020-09-07T00:00:00Z,214,1,32.41,32.41
Finland,FIN,2020-08-31T00:00:00Z,157,1,32.41,32.41
Finland,FIN,2020-08-24T00:00:00Z,189,1,32.41,32.41
Finland,FIN,2020-08-17T00:00:00Z,147,2,32.41,32.41
Finland,FIN,2020-08-10T00:00:00Z,131,2,35.19,35.19
Finland,FIN,2020-08-03T00:00:00Z,60,0,35.19,35.19
Finland,FIN,2020-07-27T00:00:00Z,55,1,35.19,35.19
Finland,FIN,2020-07-20T00:00:00Z,46,0,35.19,35.19
Finland,FIN,2020-07-13T00:00:00Z,20,0,40.74,40.74
Finland,FIN,2020-07-06T00:00:00Z,81,0,35.19,35.19
Finland,FIN,2020-06-29T00:00:00Z,48,2,35.19,35.19
Finland,FIN,2020-06-22T00:00:00Z,39,0,35.19,35.19
Finland,FIN,2020-06-15T00:00:00Z,123,3,35.19,35.19
Finland,FIN,2020-06-08T00:00:00Z,122,3,44.44,44.44
Finland,FIN,2020-06-01T00:00:00Z,280,13,44.44,44.44
Finland,FIN,2020-05-25T00:00:00Z,232,9,53.7,53.7
Finland,FIN,2020-05-18T00:00:00Z,385,31,53.7,53.7
Finland,FIN,2020-05-11T00:00:00Z,708,37,60.19,60.19
Finland,FIN,2020-05-04T00:00:00Z,678,40,60.19,60.19
Finland,FIN,2020-04-27T00:00:00Z,793,96,60.19,60.19
Finland,FIN,2020-04-20T00:00:00Z,809,38,60.19,60.19
Finland,FIN,2020-04-13T00:00:00Z,1047,29,67.59,67.59
Finland,FIN,2020-04-06T00:00:00Z,709,16,67.59,67.59
Finland,FIN,2020-03-30T00:00:00Z,592,10,67.59,67.59
Finland,FIN,2020-03-23T00:00:00Z,359,1,64.81,64.81
Finland,FIN,2020-03-16T00:00:00Z,237,0,57.41,57.41
Finland,FIN,2020-03-09T00:00:00Z,24,0,19.44,19.44
Finland,FIN,2020-03-02T00:00:00Z,5,0,19.44,19.44
Finland,FIN,2020-02-24T00:00:00Z,0,0,13.89,13.89
Finland,FIN,2020-02-17T00:00:00Z,0,0,13.89,13.89
Finland,FIN,2020-02-10T00:00:00Z,0,0,13.89,13.89
Finland,FIN,2020-02-03T00:00:00Z,1,0,5.56,5.56
Finland,FIN,2020-01-27T00:00:00Z,0,0,5.56,5.56
Finland,FIN,2020-01-20T00:00:00Z,0,0,0,0
Finland,FIN,2020-01-13T00:00:00Z,0,0,0,0
Finland,FIN,2020-01-06T00:00:00Z,0,0,0,0
France,FRA,2021-01-18T00:00:00Z,127733,2533,NA,63.89
France,FRA,2021-01-11T00:00:00Z,127528,2713,63.89,63.89
France,FRA,2021-01-04T00:00:00Z,93082,1928,63.89,63.89
France,FRA,2020-12-28T00:00:00Z,89292,2560,63.89,63.89
France,FRA,2020-12-21T00:00:00Z,96502,2638,69.44,69.44
France,FRA,2020-12-14T00:00:00Z,84355,2756,75,75
France,FRA,2020-12-07T00:00:00Z,74014,2830,75,75
France,FRA,2020-11-30T00:00:00Z,78275,3593,75,75
France,FRA,2020-11-23T00:00:00Z,158381,4184,78.7,78.7
France,FRA,2020-11-16T00:00:00Z,194503,4109,78.7,78.7
France,FRA,2020-11-09T00:00:00Z,373409,3420,78.7,78.7
France,FRA,2020-11-02T00:00:00Z,275408,2258,78.7,78.7
France,FRA,2020-10-26T00:00:00Z,241473,1284,49.54,49.54
France,FRA,2020-10-19T00:00:00Z,162060,747,49.54,49.54
France,FRA,2020-10-12T00:00:00Z,115804,500,43.98,43.98
France,FRA,2020-10-05T00:00:00Z,80601,503,49.54,49.54
France,FRA,2020-09-28T00:00:00Z,84806,442,49.54,49.54
France,FRA,2020-09-21T00:00:00Z,72669,369,48.61,48.61
France,FRA,2020-09-14T00:00:00Z,56317,215,48.61,48.61
France,FRA,2020-09-07T00:00:00Z,46834,95,48.61,48.61
France,FRA,2020-08-31T00:00:00Z,35044,93,48.15,48.15
France,FRA,2020-08-24T00:00:00Z,24363,103,48.15,48.15
France,FRA,2020-08-17T00:00:00Z,20615,86,48.15,48.15
France,FRA,2020-08-10T00:00:00Z,10002,59,46.3,46.3
France,FRA,2020-08-03T00:00:00Z,7391,73,46.3,46.3
France,FRA,2020-07-27T00:00:00Z,5854,40,46.3,46.3
France,FRA,2020-07-20T00:00:00Z,3922,148,46.3,46.3
France,FRA,2020-07-13T00:00:00Z,3792,111,46.3,46.3
France,FRA,2020-07-06T00:00:00Z,4024,115,51.85,51.85
France,FRA,2020-06-29T00:00:00Z,2559,138,51.85,51.85
France,FRA,2020-06-22T00:00:00Z,3157,233,51.85,51.85
France,FRA,2020-06-15T00:00:00Z,3243,252,72.22,72.22
France,FRA,2020-06-08T00:00:00Z,2224,353,72.22,72.22
France,FRA,2020-06-01T00:00:00Z,6832,435,75,75
France,FRA,2020-05-25T00:00:00Z,2510,656,76.85,76.85
France,FRA,2020-05-18T00:00:00Z,3348,1331,76.85,76.85
France,FRA,2020-05-11T00:00:00Z,7776,1485,76.85,76.85
France,FRA,2020-05-04T00:00:00Z,6712,2039,87.96,87.96
France,FRA,2020-04-27T00:00:00Z,11969,3138,87.96,87.96
France,FRA,2020-04-20T00:00:00Z,17203,5325,87.96,87.96
France,FRA,2020-04-13T00:00:00Z,24925,6315,87.96,87.96
France,FRA,2020-04-06T00:00:00Z,30304,5472,87.96,87.96
France,FRA,2020-03-30T00:00:00Z,24156,1932,87.96,87.96
France,FRA,2020-03-23T00:00:00Z,10595,547,87.96,87.96
France,FRA,2020-03-16T00:00:00Z,4297,108,56.94,56.94
France,FRA,2020-03-09T00:00:00Z,996,17,43.98,43.98
France,FRA,2020-03-02T00:00:00Z,118,1,43.98,43.98
France,FRA,2020-02-24T00:00:00Z,0,0,11.11,11.11
France,FRA,2020-02-17T00:00:00Z,1,1,11.11,11.11
France,FRA,2020-02-10T00:00:00Z,5,0,11.11,11.11
France,FRA,2020-02-03T00:00:00Z,3,0,11.11,11.11
France,FRA,2020-01-27T00:00:00Z,3,0,11.11,11.11
France,FRA,2020-01-20T00:00:00Z,0,0,0,0
France,FRA,2020-01-13T00:00:00Z,0,0,0,0
France,FRA,2020-01-06T00:00:00Z,0,0,0,0
Germany,DEU,2021-01-18T00:00:00Z,119635,5947,NA,85.19
Germany,DEU,2021-01-11T00:00:00Z,145511,6112,85.19,85.19
Germany,DEU,2021-01-04T00:00:00Z,123679,4448,82.41,82.41
Germany,DEU,2020-12-28T00:00:00Z,141182,3851,82.41,82.41
Germany,DEU,2020-12-21T00:00:00Z,173574,4300,82.41,82.41
Germany,DEU,2020-12-14T00:00:00Z,153424,3056,67.59,67.59
Germany,DEU,2020-12-07T00:00:00Z,129785,2671,67.59,67.59
Germany,DEU,2020-11-30T00:00:00Z,124736,2136,67.59,67.59
Germany,DEU,2020-11-23T00:00:00Z,127806,1565,64.81,64.81
Germany,DEU,2020-11-16T00:00:00Z,129459,1195,64.81,64.81
Germany,DEU,2020-11-09T00:00:00Z,126841,822,62.04,62.04
Germany,DEU,2020-11-02T00:00:00Z,107161,474,62.04,62.04
Germany,DEU,2020-10-26T00:00:00Z,71567,267,60.65,60.65
Germany,DEU,2020-10-19T00:00:00Z,40968,168,58.8,58.8
Germany,DEU,2020-10-12T00:00:00Z,24712,87,49.54,49.54
Germany,DEU,2020-10-05T00:00:00Z,15287,74,49.54,49.54
Germany,DEU,2020-09-28T00:00:00Z,12995,74,49.54,49.54
Germany,DEU,2020-09-21T00:00:00Z,11982,36,49.54,49.54
Germany,DEU,2020-09-14T00:00:00Z,9556,25,49.54,49.54
Germany,DEU,2020-09-07T00:00:00Z,8418,27,49.54,49.54
Germany,DEU,2020-08-31T00:00:00Z,8806,26,59.72,59.72
Germany,DEU,2020-08-24T00:00:00Z,9561,40,59.72,59.72
Germany,DEU,2020-08-17T00:00:00Z,7687,35,56.94,56.94
Germany,DEU,2020-08-10T00:00:00Z,5925,49,56.94,56.94
Germany,DEU,2020-08-03T00:00:00Z,4793,30,57.87,57.87
Germany,DEU,2020-07-27T00:00:00Z,3786,32,55.09,55.09
Germany,DEU,2020-07-20T00:00:00Z,2860,22,55.09,55.09
Germany,DEU,2020-07-13T00:00:00Z,2409,48,55.09,55.09
Germany,DEU,2020-07-06T00:00:00Z,2793,55,63.43,63.43
Germany,DEU,2020-06-29T00:00:00Z,3402,76,63.43,63.43
Germany,DEU,2020-06-22T00:00:00Z,3898,94,63.43,63.43
Germany,DEU,2020-06-15T00:00:00Z,2268,117,59.72,59.72
Germany,DEU,2020-06-08T00:00:00Z,2378,163,59.72,59.72
Germany,DEU,2020-06-01T00:00:00Z,3245,254,59.72,59.72
Germany,DEU,2020-05-25T00:00:00Z,3873,322,59.72,59.72
Germany,DEU,2020-05-18T00:00:00Z,5122,518,61.57,61.57
Germany,DEU,2020-05-11T00:00:00Z,6400,725,64.35,64.35
Germany,DEU,2020-05-04T00:00:00Z,7982,942,71.76,71.76
Germany,DEU,2020-04-27T00:00:00Z,13521,1346,76.85,76.85
Germany,DEU,2020-04-20T00:00:00Z,18656,1605,76.85,76.85
Germany,DEU,2020-04-13T00:00:00Z,27625,1365,76.85,76.85
Germany,DEU,2020-04-06T00:00:00Z,38093,979,76.85,76.85
Germany,DEU,2020-03-30T00:00:00Z,32524,361,76.85,76.85
Germany,DEU,2020-03-23T00:00:00Z,19936,82,76.85,76.85
Germany,DEU,2020-03-16T00:00:00Z,3936,12,42.13,42.13
Germany,DEU,2020-03-09T00:00:00Z,773,0,28.7,28.7
Germany,DEU,2020-03-02T00:00:00Z,114,0,25,25
Germany,DEU,2020-02-24T00:00:00Z,0,0,11.11,11.11
Germany,DEU,2020-02-17T00:00:00Z,2,0,11.11,11.11
Germany,DEU,2020-02-10T00:00:00Z,4,0,5.56,5.56
Germany,DEU,2020-02-03T00:00:00Z,9,0,5.56,5.56
Germany,DEU,2020-01-27T00:00:00Z,0,0,5.56,5.56
Germany,DEU,2020-01-20T00:00:00Z,0,0,0,0
Germany,DEU,2020-01-13T00:00:00Z,0,0,0,0
Germany,DEU,2020-01-06T00:00:00Z,0,0,0,0
Greece,GRC,2021-01-18T00:00:00Z,3869,206,NA,80.56
Greece,GRC,2021-01-11T00:00:00Z,4639,306,80.56,80.56
Greece,GRC,2021-01-04T00:00:00Z,4168,285,84.26,84.26
Greece,GRC,2020-12-28T00:00:00Z,4859,500,84.26,84.26
Greece,GRC,2020-12-21T00:00:00Z,6538,547,84.26,84.26
Greece,GRC,2020-12-14T00:00:00Z,9063,622,84.26,84.26
Greece,GRC,2020-12-07T00:00:00Z,11244,682,84.26,84.26
Greece,GRC,2020-11-30T00:00:00Z,12608,691,78.7,78.7
Greece,GRC,2020-11-23T00:00:00Z,17414,524,78.7,78.7
Greece,GRC,2020-11-16T00:00:00Z,17507,322,78.7,78.7
Greece,GRC,2020-11-09T00:00:00Z,15769,149,78.7,78.7
Greece,GRC,2020-11-02T00:00:00Z,10147,61,63.43,63.43
Greece,GRC,2020-10-26T00:00:00Z,5412,65,59.72,59.72
Greece,GRC,2020-10-19T00:00:00Z,3012,60,59.72,59.72
Greece,GRC,2020-10-12T00:00:00Z,2516,40,59.72,59.72
Greece,GRC,2020-10-05T00:00:00Z,2398,30,50.46,50.46
Greece,GRC,2020-09-28T00:00:00Z,2302,41,54.63,54.63
Greece,GRC,2020-09-21T00:00:00Z,1902,33,54.63,54.63
Greece,GRC,2020-09-14T00:00:00Z,1716,21,57.41,57.41
Greece,GRC,2020-09-07T00:00:00Z,1390,22,56.02,56.02
Greece,GRC,2020-08-31T00:00:00Z,1470,20,56.02,56.02
Greece,GRC,2020-08-24T00:00:00Z,1589,14,56.02,56.02
Greece,GRC,2020-08-17T00:00:00Z,1452,16,56.02,56.02
Greece,GRC,2020-08-10T00:00:00Z,961,4,46.3,46.3
Greece,GRC,2020-08-03T00:00:00Z,469,6,46.3,46.3
Greece,GRC,2020-07-27T00:00:00Z,186,8,57.41,57.41
Greece,GRC,2020-07-20T00:00:00Z,204,1,57.41,57.41
Greece,GRC,2020-07-13T00:00:00Z,284,1,57.41,57.41
Greece,GRC,2020-07-06T00:00:00Z,143,1,46.3,46.3
Greece,GRC,2020-06-29T00:00:00Z,110,1,40.74,40.74
Greece,GRC,2020-06-22T00:00:00Z,145,7,46.3,46.3
Greece,GRC,2020-06-15T00:00:00Z,124,3,40.74,40.74
Greece,GRC,2020-06-08T00:00:00Z,80,5,54.63,54.63
Greece,GRC,2020-06-01T00:00:00Z,39,4,54.63,54.63
Greece,GRC,2020-05-25T00:00:00Z,44,8,68.52,68.52
Greece,GRC,2020-05-18T00:00:00Z,118,12,68.52,68.52
Greece,GRC,2020-05-11T00:00:00Z,90,7,68.52,68.52
Greece,GRC,2020-05-04T00:00:00Z,120,14,81.48,81.48
Greece,GRC,2020-04-27T00:00:00Z,271,20,84.26,84.26
Greece,GRC,2020-04-20T00:00:00Z,121,12,84.26,84.26
Greece,GRC,2020-04-13T00:00:00Z,379,25,84.26,84.26
Greece,GRC,2020-04-06T00:00:00Z,579,35,84.26,84.26
Greece,GRC,2020-03-30T00:00:00Z,532,23,84.26,84.26
Greece,GRC,2020-03-23T00:00:00Z,293,11,84.26,84.26
Greece,GRC,2020-03-16T00:00:00Z,258,4,54.63,54.63
Greece,GRC,2020-03-09T00:00:00Z,66,0,31.48,31.48
Greece,GRC,2020-03-02T00:00:00Z,7,0,19.44,19.44
Greece,GRC,2020-02-24T00:00:00Z,0,0,0,0
Greece,GRC,2020-02-17T00:00:00Z,0,0,0,0
Greece,GRC,2020-02-10T00:00:00Z,0,0,0,0
Greece,GRC,2020-02-03T00:00:00Z,0,0,0,0
Greece,GRC,2020-01-27T00:00:00Z,0,0,0,0
Greece,GRC,2020-01-20T00:00:00Z,0,0,0,0
Greece,GRC,2020-01-13T00:00:00Z,0,0,0,0
Greece,GRC,2020-01-06T00:00:00Z,0,0,0,0
Hungary,HUN,2021-01-18T00:00:00Z,9047,684,NA,72.22
Hungary,HUN,2021-01-11T00:00:00Z,14805,748,72.22,72.22
Hungary,HUN,2021-01-04T00:00:00Z,12182,816,72.22,72.22
Hungary,HUN,2020-12-28T00:00:00Z,11539,879,72.22,72.22
Hungary,HUN,2020-12-21T00:00:00Z,21260,1152,72.22,72.22
Hungary,HUN,2020-12-14T00:00:00Z,29722,1146,72.22,72.22
Hungary,HUN,2020-12-07T00:00:00Z,37026,1161,72.22,72.22
Hungary,HUN,2020-11-30T00:00:00Z,39170,932,72.22,72.22
Hungary,HUN,2020-11-23T00:00:00Z,30496,701,72.22,72.22
Hungary,HUN,2020-11-16T00:00:00Z,32678,697,72.22,72.22
Hungary,HUN,2020-11-09T00:00:00Z,31998,604,57.41,57.41
Hungary,HUN,2020-11-02T00:00:00Z,21217,417,40.74,40.74
Hungary,HUN,2020-10-26T00:00:00Z,13795,299,40.74,40.74
Hungary,HUN,2020-10-19T00:00:00Z,9191,205,40.74,40.74
Hungary,HUN,2020-10-12T00:00:00Z,7097,135,40.74,40.74
Hungary,HUN,2020-10-05T00:00:00Z,6764,84,40.74,40.74
Hungary,HUN,2020-09-28T00:00:00Z,5850,63,40.74,40.74
Hungary,HUN,2020-09-21T00:00:00Z,6557,49,40.74,40.74
Hungary,HUN,2020-09-14T00:00:00Z,3922,13,40.74,40.74
Hungary,HUN,2020-09-07T00:00:00Z,2426,10,50,50
Hungary,HUN,2020-08-31T00:00:00Z,806,1,49.07,49.07
Hungary,HUN,2020-08-24T00:00:00Z,239,5,49.07,49.07
Hungary,HUN,2020-08-17T00:00:00Z,220,6,49.07,49.07
Hungary,HUN,2020-08-10T00:00:00Z,161,5,54.63,54.63
Hungary,HUN,2020-08-03T00:00:00Z,87,1,54.63,54.63
Hungary,HUN,2020-07-27T00:00:00Z,115,0,54.63,54.63
Hungary,HUN,2020-07-20T00:00:00Z,99,1,54.63,54.63
Hungary,HUN,2020-07-13T00:00:00Z,51,6,54.63,54.63
Hungary,HUN,2020-07-06T00:00:00Z,41,8,54.63,54.63
Hungary,HUN,2020-06-29T00:00:00Z,40,9,54.63,54.63
Hungary,HUN,2020-06-22T00:00:00Z,26,9,54.63,54.63
Hungary,HUN,2020-06-15T00:00:00Z,106,21,61.11,61.11
Hungary,HUN,2020-06-08T00:00:00Z,94,16,61.11,61.11
Hungary,HUN,2020-06-01T00:00:00Z,120,35,66.67,66.67
Hungary,HUN,2020-05-25T00:00:00Z,221,29,66.67,66.67
Hungary,HUN,2020-05-18T00:00:00Z,251,41,66.67,66.67
Hungary,HUN,2020-05-11T00:00:00Z,249,70,66.67,66.67
Hungary,HUN,2020-05-04T00:00:00Z,452,71,66.67,66.67
Hungary,HUN,2020-04-27T00:00:00Z,599,81,76.85,76.85
Hungary,HUN,2020-04-20T00:00:00Z,526,90,76.85,76.85
Hungary,HUN,2020-04-13T00:00:00Z,714,71,76.85,76.85
Hungary,HUN,2020-04-06T00:00:00Z,297,23,76.85,76.85
Hungary,HUN,2020-03-30T00:00:00Z,280,8,76.85,76.85
Hungary,HUN,2020-03-23T00:00:00Z,128,6,67.59,67.59
Hungary,HUN,2020-03-16T00:00:00Z,31,1,67.59,67.59
Hungary,HUN,2020-03-09T00:00:00Z,8,0,19.44,19.44
Iceland,ISL,2021-01-18T00:00:00Z,72,0,NA,44.44
Iceland,ISL,2021-01-11T00:00:00Z,144,0,50,50
Iceland,ISL,2021-01-04T00:00:00Z,28,1,50,50
Iceland,ISL,2020-12-28T00:00:00Z,84,0,52.78,52.78
Iceland,ISL,2020-12-21T00:00:00Z,85,0,52.78,52.78
Iceland,ISL,2020-12-14T00:00:00Z,75,1,52.78,52.78
Iceland,ISL,2020-12-07T00:00:00Z,101,1,52.78,52.78
Iceland,ISL,2020-11-30T00:00:00Z,104,0,52.78,52.78
Iceland,ISL,2020-11-23T00:00:00Z,88,1,52.78,52.78
Iceland,ISL,2020-11-16T00:00:00Z,111,5,52.78,52.78
Iceland,ISL,2020-11-09T00:00:00Z,188,8,52.78,52.78
Iceland,ISL,2020-11-02T00:00:00Z,442,1,52.78,52.78
Iceland,ISL,2020-10-26T00:00:00Z,393,0,45.37,45.37
Iceland,ISL,2020-10-19T00:00:00Z,529,1,37.04,37.04
Iceland,ISL,2020-10-12T00:00:00Z,605,0,40.74,40.74
Iceland,ISL,2020-10-05T00:00:00Z,298,0,40.74,40.74
Iceland,ISL,2020-09-28T00:00:00Z,277,0,37.96,37.96
Iceland,ISL,2020-09-21T00:00:00Z,181,0,37.96,37.96
Iceland,ISL,2020-09-14T00:00:00Z,24,0,37.96,37.96
Iceland,ISL,2020-09-07T00:00:00Z,36,0,37.96,37.96
Iceland,ISL,2020-08-31T00:00:00Z,41,0,46.3,46.3
Iceland,ISL,2020-08-24T00:00:00Z,53,0,46.3,46.3
Iceland,ISL,2020-08-17T00:00:00Z,53,0,46.3,46.3
Iceland,ISL,2020-08-10T00:00:00Z,51,0,46.3,46.3
Iceland,ISL,2020-08-03T00:00:00Z,60,0,46.3,46.3
Iceland,ISL,2020-07-27T00:00:00Z,8,0,39.81,39.81
Iceland,ISL,2020-07-20T00:00:00Z,6,0,39.81,39.81
Iceland,ISL,2020-07-13T00:00:00Z,3,0,39.81,39.81
Iceland,ISL,2020-07-06T00:00:00Z,9,0,39.81,39.81
Iceland,ISL,2020-06-29T00:00:00Z,6,0,39.81,39.81
Iceland,ISL,2020-06-22T00:00:00Z,5,0,39.81,39.81
Iceland,ISL,2020-06-15T00:00:00Z,3,0,39.81,39.81
Iceland,ISL,2020-06-08T00:00:00Z,1,0,39.81,39.81
Iceland,ISL,2020-06-01T00:00:00Z,2,0,39.81,39.81
Iceland,ISL,2020-05-25T00:00:00Z,2,0,39.81,39.81
Iceland,ISL,2020-05-18T00:00:00Z,1,0,50,50
Iceland,ISL,2020-05-11T00:00:00Z,2,0,50,50
Iceland,ISL,2020-05-04T00:00:00Z,7,0,50,50
Iceland,ISL,2020-04-27T00:00:00Z,21,1,53.7,53.7
Iceland,ISL,2020-04-20T00:00:00Z,70,1,53.7,53.7
Iceland,ISL,2020-04-13T00:00:00Z,215,4,53.7,53.7
Iceland,ISL,2020-04-06T00:00:00Z,466,2,53.7,53.7
Iceland,ISL,2020-03-30T00:00:00Z,452,1,53.7,53.7
Iceland,ISL,2020-03-23T00:00:00Z,390,1,53.7,53.7
Iceland,ISL,2020-03-16T00:00:00Z,123,0,50.93,50.93
Iceland,ISL,2020-03-09T00:00:00Z,52,0,16.67,16.67
Iceland,ISL,2020-03-02T00:00:00Z,3,0,16.67,16.67
Iceland,ISL,2020-02-24T00:00:00Z,0,0,16.67,16.67
Iceland,ISL,2020-02-17T00:00:00Z,0,0,16.67,16.67
Iceland,ISL,2020-02-10T00:00:00Z,0,0,16.67,16.67
Iceland,ISL,2020-02-03T00:00:00Z,0,0,16.67,16.67
Iceland,ISL,2020-01-27T00:00:00Z,0,0,11.11,11.11
Iceland,ISL,2020-01-20T00:00:00Z,0,0,0,0
Iceland,ISL,2020-01-13T00:00:00Z,0,0,0,0
Iceland,ISL,2020-01-06T00:00:00Z,0,0,0,0
Ireland,IRL,2021-01-18T00:00:00Z,25113,264,85.19,85.19
Ireland,IRL,2021-01-11T00:00:00Z,45726,85,85.19,85.19
Ireland,IRL,2021-01-04T00:00:00Z,15758,55,87.96,87.96
Ireland,IRL,2020-12-28T00:00:00Z,6587,46,80.56,80.56
Ireland,IRL,2020-12-21T00:00:00Z,3357,34,72.22,72.22
Ireland,IRL,2020-12-14T00:00:00Z,1939,27,72.22,72.22
Ireland,IRL,2020-12-07T00:00:00Z,2005,45,72.22,72.22
Ireland,IRL,2020-11-30T00:00:00Z,1780,30,81.48,81.48
Ireland,IRL,2020-11-23T00:00:00Z,2558,43,81.48,81.48
Ireland,IRL,2020-11-16T00:00:00Z,2509,32,81.48,81.48
Ireland,IRL,2020-11-09T00:00:00Z,3392,32,81.48,81.48
Ireland,IRL,2020-11-02T00:00:00Z,4874,33,81.48,81.48
Ireland,IRL,2020-10-26T00:00:00Z,7166,30,81.48,81.48
Ireland,IRL,2020-10-19T00:00:00Z,7434,26,55.09,55.09
Ireland,IRL,2020-10-12T00:00:00Z,4496,16,55.09,55.09
Ireland,IRL,2020-10-05T00:00:00Z,3042,8,52.31,52.31
Ireland,IRL,2020-09-28T00:00:00Z,2057,10,52.31,52.31
Ireland,IRL,2020-09-21T00:00:00Z,1948,8,52.31,52.31
Ireland,IRL,2020-09-14T00:00:00Z,1313,7,70.83,70.83
Ireland,IRL,2020-09-07T00:00:00Z,912,0,70.83,70.83
Ireland,IRL,2020-08-31T00:00:00Z,791,0,70.83,70.83
Ireland,IRL,2020-08-24T00:00:00Z,712,3,70.83,70.83
Ireland,IRL,2020-08-17T00:00:00Z,545,2,59.72,59.72
Ireland,IRL,2020-08-10T00:00:00Z,550,9,59.72,59.72
Ireland,IRL,2020-08-03T00:00:00Z,281,0,38.89,38.89
Ireland,IRL,2020-07-27T00:00:00Z,121,10,38.89,38.89
Ireland,IRL,2020-07-20T00:00:00Z,132,7,38.89,38.89
Ireland,IRL,2020-07-13T00:00:00Z,101,5,38.89,38.89
Ireland,IRL,2020-07-06T00:00:00Z,88,6,38.89,38.89
Ireland,IRL,2020-06-29T00:00:00Z,60,20,38.89,38.89
Ireland,IRL,2020-06-22T00:00:00Z,76,9,72.22,72.22
Ireland,IRL,2020-06-15T00:00:00Z,102,27,72.22,72.22
Ireland,IRL,2020-06-08T00:00:00Z,211,29,72.22,72.22
Ireland,IRL,2020-06-01T00:00:00Z,351,44,83.33,83.33
Ireland,IRL,2020-05-25T00:00:00Z,527,63,83.33,83.33
Ireland,IRL,2020-05-18T00:00:00Z,1116,85,83.33,83.33
Ireland,IRL,2020-05-11T00:00:00Z,1490,155,90.74,90.74
Ireland,IRL,2020-05-04T00:00:00Z,2244,216,90.74,90.74
Ireland,IRL,2020-04-27T00:00:00Z,4011,477,90.74,90.74
Ireland,IRL,2020-04-20T00:00:00Z,5596,276,90.74,90.74
Ireland,IRL,2020-04-13T00:00:00Z,4544,176,90.74,90.74
Ireland,IRL,2020-04-06T00:00:00Z,2496,112,90.74,90.74
Ireland,IRL,2020-03-30T00:00:00Z,1709,42,85.19,85.19
Ireland,IRL,2020-03-23T00:00:00Z,737,2,48.15,48.15
Ireland,IRL,2020-03-16T00:00:00Z,148,2,48.15,48.15
Ireland,IRL,2020-03-09T00:00:00Z,20,0,11.11,11.11
Ireland,IRL,2020-03-02T00:00:00Z,1,0,11.11,11.11
Ireland,IRL,2020-02-24T00:00:00Z,0,0,5.56,5.56
Ireland,IRL,2020-02-17T00:00:00Z,0,0,5.56,5.56
Ireland,IRL,2020-02-10T00:00:00Z,0,0,5.56,5.56
Ireland,IRL,2020-02-03T00:00:00Z,0,0,0,0
Ireland,IRL,2020-01-27T00:00:00Z,0,0,0,0
Ireland,IRL,2020-01-20T00:00:00Z,0,0,0,0
Ireland,IRL,2020-01-13T00:00:00Z,0,0,0,0
Ireland,IRL,2020-01-06T00:00:00Z,0,0,0,0
Italy,ITA,2021-01-18T00:00:00Z,104786,3422,78.7,78.7
Italy,ITA,2021-01-11T00:00:00Z,121045,3423,78.7,78.7
Italy,ITA,2021-01-04T00:00:00Z,107750,3407,84.26,84.26
Italy,ITA,2020-12-28T00:00:00Z,94511,3126,80.56,80.56
Italy,ITA,2020-12-21T00:00:00Z,109473,4279,79.63,79.63
Italy,ITA,2020-12-14T00:00:00Z,114834,4442,79.63,79.63
Italy,ITA,2020-12-07T00:00:00Z,143700,5174,79.63,79.63
Italy,ITA,2020-11-30T00:00:00Z,176310,5081,79.63,79.63
Italy,ITA,2020-11-23T00:00:00Z,230339,4594,79.63,79.63
Italy,ITA,2020-11-16T00:00:00Z,243425,3835,79.63,79.63
Italy,ITA,2020-11-09T00:00:00Z,225769,2568,76.85,76.85
Italy,ITA,2020-11-02T00:00:00Z,183553,1488,66.67,66.67
Italy,ITA,2020-10-26T00:00:00Z,111541,795,66.67,66.67
Italy,ITA,2020-10-19T00:00:00Z,59291,377,50,50
Italy,ITA,2020-10-12T00:00:00Z,29621,180,55.56,55.56
Italy,ITA,2020-10-05T00:00:00Z,15459,151,47.22,47.22
Italy,ITA,2020-09-28T00:00:00Z,11714,128,47.22,47.22
Italy,ITA,2020-09-21T00:00:00Z,10403,97,47.22,47.22
Italy,ITA,2020-09-14T00:00:00Z,10119,69,47.22,47.22
Italy,ITA,2020-09-07T00:00:00Z,9416,64,54.63,54.63
Italy,ITA,2020-08-31T00:00:00Z,8873,40,54.63,54.63
Italy,ITA,2020-08-24T00:00:00Z,5430,41,54.63,54.63
Italy,ITA,2020-08-17T00:00:00Z,3349,191,54.63,54.63
Italy,ITA,2020-08-10T00:00:00Z,2496,51,50.93,50.93
Italy,ITA,2020-08-03T00:00:00Z,1952,47,48.15,48.15
Italy,ITA,2020-07-27T00:00:00Z,1684,62,48.15,48.15
Italy,ITA,2020-07-20T00:00:00Z,1373,91,58.33,58.33
Italy,ITA,2020-07-13T00:00:00Z,1450,93,58.33,58.33
Italy,ITA,2020-07-06T00:00:00Z,1301,123,55.56,55.56
Italy,ITA,2020-06-29T00:00:00Z,1811,104,55.56,55.56
Italy,ITA,2020-06-22T00:00:00Z,1510,289,55.56,55.56
Italy,ITA,2020-06-15T00:00:00Z,1991,446,55.56,55.56
Italy,ITA,2020-06-08T00:00:00Z,1979,484,44.44,44.44
Italy,ITA,2020-06-01T00:00:00Z,3161,630,63.89,63.89
Italy,ITA,2020-05-25T00:00:00Z,4423,877,63.89,63.89
Italy,ITA,2020-05-18T00:00:00Z,6365,1348,63.89,63.89
Italy,ITA,2020-05-11T00:00:00Z,8353,1676,62.96,62.96
Italy,ITA,2020-05-04T00:00:00Z,13042,2240,62.96,62.96
Italy,ITA,2020-04-27T00:00:00Z,18703,2984,93.52,93.52
Italy,ITA,2020-04-20T00:00:00Z,22609,3759,93.52,93.52
Italy,ITA,2020-04-13T00:00:00Z,27415,4012,93.52,93.52
Italy,ITA,2020-04-06T00:00:00Z,31259,5108,91.67,91.67
Italy,ITA,2020-03-30T00:00:00Z,38551,5305,91.67,91.67
Italy,ITA,2020-03-23T00:00:00Z,35158,3665,91.67,91.67
Italy,ITA,2020-03-16T00:00:00Z,16605,1445,85.19,85.19
Italy,ITA,2020-03-09T00:00:00Z,5686,331,74.54,74.54
Italy,ITA,2020-03-02T00:00:00Z,1557,33,69.91,69.91
Italy,ITA,2020-02-24T00:00:00Z,129,2,69.91,69.91
Italy,ITA,2020-02-17T00:00:00Z,0,0,19.44,19.44
Italy,ITA,2020-02-10T00:00:00Z,0,0,19.44,19.44
Italy,ITA,2020-02-03T00:00:00Z,3,0,19.44,19.44
Italy,ITA,2020-01-27T00:00:00Z,0,0,2.78,2.78
Italy,ITA,2020-01-20T00:00:00Z,0,0,0,0
Italy,ITA,2020-01-13T00:00:00Z,0,0,0,0
Italy,ITA,2020-01-06T00:00:00Z,0,0,0,0
Kosovo,XKX,2021-01-18T00:00:00Z,2075,33,NA,NA
Kosovo,XKX,2021-01-11T00:00:00Z,1811,33,NA,NA
Kosovo,XKX,2021-01-04T00:00:00Z,1164,27,NA,NA
Kosovo,XKX,2020-12-28T00:00:00Z,1632,55,NA,NA
Kosovo,XKX,2020-12-21T00:00:00Z,2589,64,NA,NA
Kosovo,XKX,2020-12-14T00:00:00Z,3775,92,NA,NA
Kosovo,XKX,2020-12-07T00:00:00Z,3748,101,NA,NA
Kosovo,XKX,2020-11-30T00:00:00Z,4762,91,NA,NA
Kosovo,XKX,2020-11-23T00:00:00Z,5178,92,NA,NA
Kosovo,XKX,2020-11-16T00:00:00Z,4962,67,NA,NA
Kosovo,XKX,2020-11-09T00:00:00Z,3976,67,NA,NA
Kosovo,XKX,2020-11-02T00:00:00Z,2236,25,NA,NA
Kosovo,XKX,2020-10-26T00:00:00Z,1052,10,NA,NA
Kosovo,XKX,2020-10-19T00:00:00Z,712,6,NA,NA
Kosovo,XKX,2020-10-12T00:00:00Z,365,17,NA,NA
Kosovo,XKX,2020-10-05T00:00:00Z,342,8,NA,NA
Kosovo,XKX,2020-09-28T00:00:00Z,409,9,NA,NA
Kosovo,XKX,2020-09-21T00:00:00Z,426,17,NA,NA
Kosovo,XKX,2020-09-14T00:00:00Z,518,33,NA,NA
Kosovo,XKX,2020-09-07T00:00:00Z,785,47,NA,NA
Kosovo,XKX,2020-08-31T00:00:00Z,886,49,NA,NA
Kosovo,XKX,2020-08-24T00:00:00Z,1032,66,NA,NA
Kosovo,XKX,2020-08-17T00:00:00Z,1169,74,NA,NA
Kosovo,XKX,2020-08-10T00:00:00Z,1448,78,NA,NA
Kosovo,XKX,2020-08-03T00:00:00Z,1882,80,NA,NA
Kosovo,XKX,2020-07-27T00:00:00Z,1182,34,NA,NA
Kosovo,XKX,2020-07-20T00:00:00Z,804,33,NA,NA
Kosovo,XKX,2020-07-13T00:00:00Z,1575,36,NA,NA
Kosovo,XKX,2020-07-06T00:00:00Z,679,17,NA,NA
Kosovo,XKX,2020-06-29T00:00:00Z,508,13,NA,NA
Kosovo,XKX,2020-06-22T00:00:00Z,683,3,NA,NA
Kosovo,XKX,2020-06-15T00:00:00Z,252,2,NA,NA
Kosovo,XKX,2020-06-08T00:00:00Z,151,1,NA,NA
Kosovo,XKX,2020-06-01T00:00:00Z,51,1,NA,NA
Kosovo,XKX,2020-05-25T00:00:00Z,47,0,NA,NA
Kosovo,XKX,2020-05-18T00:00:00Z,101,1,NA,NA
Kosovo,XKX,2020-05-11T00:00:00Z,33,3,NA,NA
Kosovo,XKX,2020-05-04T00:00:00Z,87,5,NA,NA
Kosovo,XKX,2020-04-27T00:00:00Z,203,6,NA,NA
Kosovo,XKX,2020-04-20T00:00:00Z,199,7,NA,NA
Kosovo,XKX,2020-04-13T00:00:00Z,197,6,NA,NA
Kosovo,XKX,2020-04-06T00:00:00Z,67,0,NA,NA
Kosovo,XKX,2020-03-30T00:00:00Z,65,0,NA,NA
Kosovo,XKX,2020-03-23T00:00:00Z,20,1,NA,NA
Kosovo,XKX,2020-03-16T00:00:00Z,13,0,NA,NA
Latvia,LVA,2021-01-18T00:00:00Z,6096,129,57.41,57.41
Latvia,LVA,2021-01-11T00:00:00Z,7071,169,57.41,57.41
Latvia,LVA,2021-01-04T00:00:00Z,6167,121,61.11,61.11
Latvia,LVA,2020-12-28T00:00:00Z,5390,120,60.19,60.19
Latvia,LVA,2020-12-21T00:00:00Z,5265,90,60.19,60.19
Latvia,LVA,2020-12-14T00:00:00Z,4362,87,53.7,53.7
Latvia,LVA,2020-12-07T00:00:00Z,4338,65,53.7,53.7
Latvia,LVA,2020-11-30T00:00:00Z,3855,44,53.7,53.7
Latvia,LVA,2020-11-23T00:00:00Z,2573,30,53.7,53.7
Latvia,LVA,2020-11-16T00:00:00Z,2452,24,53.7,53.7
Latvia,LVA,2020-11-09T00:00:00Z,1959,25,53.7,53.7
Latvia,LVA,2020-11-02T00:00:00Z,1458,18,42.59,42.59
Latvia,LVA,2020-10-26T00:00:00Z,1228,14,42.59,42.59
Latvia,LVA,2020-10-19T00:00:00Z,780,2,33.33,33.33
Latvia,LVA,2020-10-12T00:00:00Z,584,2,32.41,32.41
Latvia,LVA,2020-10-05T00:00:00Z,410,2,32.41,32.41
Latvia,LVA,2020-09-28T00:00:00Z,151,0,37.04,37.04
Latvia,LVA,2020-09-21T00:00:00Z,51,1,37.04,37.04
Latvia,LVA,2020-09-14T00:00:00Z,46,0,41.67,41.67
Latvia,LVA,2020-09-07T00:00:00Z,35,1,41.67,41.67
Latvia,LVA,2020-08-31T00:00:00Z,56,1,41.67,41.67
Latvia,LVA,2020-08-24T00:00:00Z,15,1,41.67,41.67
Latvia,LVA,2020-08-17T00:00:00Z,32,0,41.67,41.67
Latvia,LVA,2020-08-10T00:00:00Z,47,0,47.22,47.22
Latvia,LVA,2020-08-03T00:00:00Z,24,1,47.22,47.22
Latvia,LVA,2020-07-27T00:00:00Z,27,0,50,50
Latvia,LVA,2020-07-20T00:00:00Z,19,1,50,50
Latvia,LVA,2020-07-13T00:00:00Z,49,0,50,50
Latvia,LVA,2020-07-06T00:00:00Z,8,0,50,50
Latvia,LVA,2020-06-29T00:00:00Z,5,0,50,50
Latvia,LVA,2020-06-22T00:00:00Z,14,2,50,50
Latvia,LVA,2020-06-15T00:00:00Z,9,3,50,50
Latvia,LVA,2020-06-08T00:00:00Z,22,1,61.11,61.11
Latvia,LVA,2020-06-01T00:00:00Z,19,2,61.11,61.11
Latvia,LVA,2020-05-25T00:00:00Z,39,3,61.11,61.11
Latvia,LVA,2020-05-18T00:00:00Z,69,1,61.11,61.11
Latvia,LVA,2020-05-11T00:00:00Z,60,2,69.44,69.44
Latvia,LVA,2020-05-04T00:00:00Z,67,4,69.44,69.44
Latvia,LVA,2020-04-27T00:00:00Z,85,7,69.44,69.44
Latvia,LVA,2020-04-20T00:00:00Z,76,0,69.44,69.44
Latvia,LVA,2020-04-13T00:00:00Z,118,4,69.44,69.44
Latvia,LVA,2020-04-06T00:00:00Z,157,1,69.44,69.44
Latvia,LVA,2020-03-30T00:00:00Z,237,0,69.44,69.44
Latvia,LVA,2020-03-23T00:00:00Z,108,0,60.19,60.19
Latvia,LVA,2020-03-16T00:00:00Z,28,0,54.63,54.63
Latvia,LVA,2020-03-09T00:00:00Z,3,0,8.33,8.33
Lithuania,LTU,2021-01-18T00:00:00Z,7546,237,NA,74.07
Lithuania,LTU,2021-01-11T00:00:00Z,12459,282,74.07,74.07
Lithuania,LTU,2021-01-04T00:00:00Z,15618,681,74.07,74.07
Lithuania,LTU,2020-12-28T00:00:00Z,17882,230,76.85,76.85
Lithuania,LTU,2020-12-21T00:00:00Z,19466,214,76.85,76.85
Lithuania,LTU,2020-12-14T00:00:00Z,18985,188,57.41,57.41
Lithuania,LTU,2020-12-07T00:00:00Z,14711,131,57.41,57.41
Lithuania,LTU,2020-11-30T00:00:00Z,14278,120,57.41,57.41
Lithuania,LTU,2020-11-23T00:00:00Z,12289,109,57.41,57.41
Lithuania,LTU,2020-11-16T00:00:00Z,10059,70,57.41,57.41
Lithuania,LTU,2020-11-09T00:00:00Z,8980,41,57.41,57.41
Lithuania,LTU,2020-11-02T00:00:00Z,5535,32,56.94,56.94
Lithuania,LTU,2020-10-26T00:00:00Z,2663,21,48.61,48.61
Lithuania,LTU,2020-10-19T00:00:00Z,1399,10,48.61,48.61
Lithuania,LTU,2020-10-12T00:00:00Z,937,9,48.61,48.61
Lithuania,LTU,2020-10-05T00:00:00Z,800,3,31.48,31.48
Lithuania,LTU,2020-09-28T00:00:00Z,641,4,28.7,28.7
Lithuania,LTU,2020-09-21T00:00:00Z,409,0,28.7,28.7
Lithuania,LTU,2020-09-14T00:00:00Z,252,1,28.7,28.7
Lithuania,LTU,2020-09-07T00:00:00Z,209,0,28.7,28.7
Lithuania,LTU,2020-08-31T00:00:00Z,239,2,28.7,28.7
Lithuania,LTU,2020-08-24T00:00:00Z,219,3,28.7,28.7
Lithuania,LTU,2020-08-17T00:00:00Z,164,0,28.7,28.7
Lithuania,LTU,2020-08-10T00:00:00Z,142,1,28.7,28.7
Lithuania,LTU,2020-08-03T00:00:00Z,102,0,28.7,28.7
Lithuania,LTU,2020-07-27T00:00:00Z,76,0,28.7,28.7
Lithuania,LTU,2020-07-20T00:00:00Z,63,1,25.93,25.93
Lithuania,LTU,2020-07-13T00:00:00Z,33,0,25.93,25.93
Lithuania,LTU,2020-07-06T00:00:00Z,20,1,25.93,25.93
Lithuania,LTU,2020-06-29T00:00:00Z,18,2,25.93,25.93
Lithuania,LTU,2020-06-22T00:00:00Z,30,1,28.7,28.7
Lithuania,LTU,2020-06-15T00:00:00Z,54,4,50.93,50.93
Lithuania,LTU,2020-06-08T00:00:00Z,39,1,50.93,50.93
Lithuania,LTU,2020-06-01T00:00:00Z,52,7,50.93,50.93
Lithuania,LTU,2020-05-25T00:00:00Z,82,7,71.3,71.3
Lithuania,LTU,2020-05-18T00:00:00Z,62,6,71.3,71.3
Lithuania,LTU,2020-05-11T00:00:00Z,69,4,75,75
Lithuania,LTU,2020-05-04T00:00:00Z,-28,5,77.78,77.78
Lithuania,LTU,2020-04-27T00:00:00Z,112,5,77.78,77.78
Lithuania,LTU,2020-04-20T00:00:00Z,264,12,81.48,81.48
Lithuania,LTU,2020-04-13T00:00:00Z,251,11,87.04,87.04
Lithuania,LTU,2020-04-06T00:00:00Z,327,6,81.48,81.48
Lithuania,LTU,2020-03-30T00:00:00Z,341,6,81.48,81.48
Lithuania,LTU,2020-03-23T00:00:00Z,129,1,81.48,81.48
Lithuania,LTU,2020-03-16T00:00:00Z,13,0,81.48,81.48
Lithuania,LTU,2020-03-09T00:00:00Z,0,0,11.11,11.11
Lithuania,LTU,2020-03-02T00:00:00Z,1,0,11.11,11.11
Lithuania,LTU,2020-02-24T00:00:00Z,0,0,0,0
Lithuania,LTU,2020-02-17T00:00:00Z,0,0,0,0
Lithuania,LTU,2020-02-10T00:00:00Z,0,0,0,0
Lithuania,LTU,2020-02-03T00:00:00Z,0,0,0,0
Lithuania,LTU,2020-01-27T00:00:00Z,0,0,0,0
Lithuania,LTU,2020-01-20T00:00:00Z,0,0,0,0
Lithuania,LTU,2020-01-13T00:00:00Z,0,0,0,0
Lithuania,LTU,2020-01-06T00:00:00Z,0,0,0,0
Luxembourg,LUX,2021-01-18T00:00:00Z,868,19,67.59,67.59
Luxembourg,LUX,2021-01-11T00:00:00Z,1065,27,67.59,67.59
Luxembourg,LUX,2021-01-04T00:00:00Z,1070,19,75,75
Luxembourg,LUX,2020-12-28T00:00:00Z,1782,47,80.56,80.56
Luxembourg,LUX,2020-12-21T00:00:00Z,2795,44,73.15,73.15
Luxembourg,LUX,2020-12-14T00:00:00Z,3588,46,73.15,73.15
Luxembourg,LUX,2020-12-07T00:00:00Z,3711,44,76.85,76.85
Luxembourg,LUX,2020-11-30T00:00:00Z,3640,44,60.19,60.19
Luxembourg,LUX,2020-11-23T00:00:00Z,3789,40,56.48,56.48
Luxembourg,LUX,2020-11-16T00:00:00Z,4063,37,56.48,56.48
Luxembourg,LUX,2020-11-09T00:00:00Z,3699,25,56.48,56.48
Luxembourg,LUX,2020-11-02T00:00:00Z,4578,15,56.48,56.48
Luxembourg,LUX,2020-10-26T00:00:00Z,3558,12,52.78,52.78
Luxembourg,LUX,2020-10-19T00:00:00Z,1286,3,47.22,47.22
Luxembourg,LUX,2020-10-12T00:00:00Z,651,5,47.22,47.22
Luxembourg,LUX,2020-10-05T00:00:00Z,352,1,47.22,47.22
Luxembourg,LUX,2020-09-28T00:00:00Z,553,0,47.22,47.22
Luxembourg,LUX,2020-09-21T00:00:00Z,610,0,44.44,44.44
Luxembourg,LUX,2020-09-14T00:00:00Z,298,0,44.44,44.44
Luxembourg,LUX,2020-09-07T00:00:00Z,271,0,47.22,47.22
Luxembourg,LUX,2020-08-31T00:00:00Z,-1079,0,47.22,47.22
Luxembourg,LUX,2020-08-24T00:00:00Z,265,1,43.52,43.52
Luxembourg,LUX,2020-08-17T00:00:00Z,326,4,37.96,37.96
Luxembourg,LUX,2020-08-10T00:00:00Z,418,2,35.19,35.19
Luxembourg,LUX,2020-08-03T00:00:00Z,423,5,25.93,25.93
Luxembourg,LUX,2020-07-27T00:00:00Z,789,1,23.15,23.15
Luxembourg,LUX,2020-07-20T00:00:00Z,558,0,23.15,23.15
Luxembourg,LUX,2020-07-13T00:00:00Z,403,1,27.78,27.78
Luxembourg,LUX,2020-07-06T00:00:00Z,280,0,27.78,27.78
Luxembourg,LUX,2020-06-29T00:00:00Z,122,0,27.78,27.78
Luxembourg,LUX,2020-06-22T00:00:00Z,50,0,41.67,41.67
Luxembourg,LUX,2020-06-15T00:00:00Z,31,0,41.67,41.67
Luxembourg,LUX,2020-06-08T00:00:00Z,21,0,47.22,47.22
Luxembourg,LUX,2020-06-01T00:00:00Z,26,0,47.22,47.22
Luxembourg,LUX,2020-05-25T00:00:00Z,47,3,47.22,47.22
Luxembourg,LUX,2020-05-18T00:00:00Z,59,6,56.48,56.48
Luxembourg,LUX,2020-05-11T00:00:00Z,62,5,56.48,56.48
Luxembourg,LUX,2020-05-04T00:00:00Z,101,8,66.67,66.67
Luxembourg,LUX,2020-04-27T00:00:00Z,173,15,70.37,70.37
Luxembourg,LUX,2020-04-20T00:00:00Z,269,7,70.37,70.37
Luxembourg,LUX,2020-04-13T00:00:00Z,477,30,79.63,79.63
Luxembourg,LUX,2020-04-06T00:00:00Z,854,15,79.63,79.63
Luxembourg,LUX,2020-03-30T00:00:00Z,1152,13,79.63,79.63
Luxembourg,LUX,2020-03-23T00:00:00Z,721,7,79.63,79.63
Luxembourg,LUX,2020-03-16T00:00:00Z,72,1,72.22,72.22
Luxembourg,LUX,2020-03-09T00:00:00Z,4,0,22.22,22.22
Luxembourg,LUX,2020-03-02T00:00:00Z,1,0,0,0
Luxembourg,LUX,2020-02-24T00:00:00Z,0,0,0,0
Luxembourg,LUX,2020-02-17T00:00:00Z,0,0,0,0
Luxembourg,LUX,2020-02-10T00:00:00Z,0,0,0,0
Luxembourg,LUX,2020-02-03T00:00:00Z,0,0,0,0
Luxembourg,LUX,2020-01-27T00:00:00Z,0,0,0,0
Luxembourg,LUX,2020-01-20T00:00:00Z,0,0,0,0
Luxembourg,LUX,2020-01-13T00:00:00Z,0,0,0,0
Luxembourg,LUX,2020-01-06T00:00:00Z,0,0,0,0
Moldova,MDA,2021-01-18T00:00:00Z,3463,111,NA,57.41
Moldova,MDA,2021-01-11T00:00:00Z,3518,102,57.41,57.41
Moldova,MDA,2021-01-04T00:00:00Z,4518,146,57.41,57.41
Moldova,MDA,2020-12-28T00:00:00Z,6148,139,57.41,57.41
Moldova,MDA,2020-12-21T00:00:00Z,8689,180,57.41,57.41
Moldova,MDA,2020-12-14T00:00:00Z,9883,153,57.41,57.41
Moldova,MDA,2020-12-07T00:00:00Z,9618,129,57.41,57.41
Moldova,MDA,2020-11-30T00:00:00Z,9076,141,57.41,57.41
Moldova,MDA,2020-11-23T00:00:00Z,8662,130,48.15,48.15
Moldova,MDA,2020-11-16T00:00:00Z,6933,126,48.15,48.15
Moldova,MDA,2020-11-09T00:00:00Z,5764,93,48.15,48.15
Moldova,MDA,2020-11-02T00:00:00Z,5079,115,48.15,48.15
Moldova,MDA,2020-10-26T00:00:00Z,4453,101,48.15,48.15
Moldova,MDA,2020-10-19T00:00:00Z,4899,123,48.15,48.15
Moldova,MDA,2020-10-12T00:00:00Z,5572,95,48.15,48.15
Moldova,MDA,2020-10-05T00:00:00Z,5704,79,45.37,45.37
Moldova,MDA,2020-09-28T00:00:00Z,4279,84,37.96,37.96
Moldova,MDA,2020-09-21T00:00:00Z,3618,80,47.22,47.22
Moldova,MDA,2020-09-14T00:00:00Z,3181,60,50,50
Moldova,MDA,2020-09-07T00:00:00Z,3097,71,50,50
Moldova,MDA,2020-08-31T00:00:00Z,3222,52,57.41,57.41
Moldova,MDA,2020-08-24T00:00:00Z,3295,44,57.41,57.41
Moldova,MDA,2020-08-17T00:00:00Z,2523,51,57.41,57.41
Moldova,MDA,2020-08-10T00:00:00Z,2298,54,57.41,57.41
Moldova,MDA,2020-08-03T00:00:00Z,2328,56,57.41,57.41
Moldova,MDA,2020-07-27T00:00:00Z,2054,51,57.41,57.41
Moldova,MDA,2020-07-20T00:00:00Z,1598,42,57.41,57.41
Moldova,MDA,2020-07-13T00:00:00Z,1568,57,74.07,74.07
Moldova,MDA,2020-07-06T00:00:00Z,1564,55,80.56,80.56
Moldova,MDA,2020-06-29T00:00:00Z,2050,57,80.56,80.56
Moldova,MDA,2020-06-22T00:00:00Z,2460,67,80.56,80.56
Moldova,MDA,2020-06-15T00:00:00Z,2040,65,80.56,80.56
Moldova,MDA,2020-06-08T00:00:00Z,1449,46,80.56,80.56
Moldova,MDA,2020-06-01T00:00:00Z,1158,45,80.56,80.56
Moldova,MDA,2020-05-25T00:00:00Z,1033,39,80.56,80.56
Moldova,MDA,2020-05-18T00:00:00Z,1133,42,80.56,80.56
Moldova,MDA,2020-05-11T00:00:00Z,806,44,84.26,84.26
Moldova,MDA,2020-05-04T00:00:00Z,713,29,84.26,84.26
Moldova,MDA,2020-04-27T00:00:00Z,936,29,84.26,84.26
Moldova,MDA,2020-04-20T00:00:00Z,810,35,84.26,84.26
Moldova,MDA,2020-04-13T00:00:00Z,798,17,87.04,87.04
Moldova,MDA,2020-04-06T00:00:00Z,601,13,87.04,87.04
Moldova,MDA,2020-03-30T00:00:00Z,169,1,87.04,87.04
Moldova,MDA,2020-03-23T00:00:00Z,71,1,65.74,65.74
Moldova,MDA,2020-03-16T00:00:00Z,23,0,51.85,51.85
Montenegro,MNE,2021-01-18T00:00:00Z,3062,20,NA,NA
Montenegro,MNE,2021-01-11T00:00:00Z,3236,36,NA,NA
Montenegro,MNE,2021-01-04T00:00:00Z,2501,23,NA,NA
Montenegro,MNE,2020-12-28T00:00:00Z,2739,40,NA,NA
Montenegro,MNE,2020-12-21T00:00:00Z,2529,44,NA,NA
Montenegro,MNE,2020-12-14T00:00:00Z,3180,49,NA,NA
Montenegro,MNE,2020-12-07T00:00:00Z,3365,46,NA,NA
Montenegro,MNE,2020-11-30T00:00:00Z,3819,48,NA,NA
Montenegro,MNE,2020-11-23T00:00:00Z,3885,48,NA,NA
Montenegro,MNE,2020-11-16T00:00:00Z,4372,54,NA,NA
Montenegro,MNE,2020-11-09T00:00:00Z,4091,24,NA,NA
Montenegro,MNE,2020-11-02T00:00:00Z,1917,47,NA,NA
Montenegro,MNE,2020-10-26T00:00:00Z,1182,30,NA,NA
Montenegro,MNE,2020-10-19T00:00:00Z,1746,34,NA,NA
Montenegro,MNE,2020-10-12T00:00:00Z,1742,23,NA,NA
Montenegro,MNE,2020-10-05T00:00:00Z,1814,21,NA,NA
Montenegro,MNE,2020-09-28T00:00:00Z,1701,22,NA,NA
Montenegro,MNE,2020-09-21T00:00:00Z,1900,16,NA,NA
Montenegro,MNE,2020-09-14T00:00:00Z,1159,12,NA,NA
Montenegro,MNE,2020-09-07T00:00:00Z,763,10,NA,NA
Montenegro,MNE,2020-08-31T00:00:00Z,447,14,NA,NA
Montenegro,MNE,2020-08-24T00:00:00Z,308,7,NA,NA
Montenegro,MNE,2020-08-17T00:00:00Z,417,13,NA,NA
Montenegro,MNE,2020-08-10T00:00:00Z,360,13,NA,NA
Montenegro,MNE,2020-08-03T00:00:00Z,689,11,NA,NA
Montenegro,MNE,2020-07-27T00:00:00Z,798,10,NA,NA
Montenegro,MNE,2020-07-20T00:00:00Z,550,7,NA,NA
Montenegro,MNE,2020-07-13T00:00:00Z,440,9,NA,NA
Montenegro,MNE,2020-07-06T00:00:00Z,300,3,NA,NA
Montenegro,MNE,2020-06-29T00:00:00Z,119,2,NA,NA
Montenegro,MNE,2020-06-22T00:00:00Z,37,0,NA,NA
Montenegro,MNE,2020-06-15T00:00:00Z,1,0,NA,NA
Montenegro,MNE,2020-06-08T00:00:00Z,0,0,NA,NA
Montenegro,MNE,2020-06-01T00:00:00Z,0,0,NA,NA
Montenegro,MNE,2020-05-25T00:00:00Z,0,0,NA,NA
Montenegro,MNE,2020-05-18T00:00:00Z,0,0,NA,NA
Montenegro,MNE,2020-05-11T00:00:00Z,2,1,NA,NA
Montenegro,MNE,2020-05-04T00:00:00Z,1,1,NA,NA
Montenegro,MNE,2020-04-27T00:00:00Z,13,2,NA,NA
Montenegro,MNE,2020-04-20T00:00:00Z,36,2,NA,NA
Montenegro,MNE,2020-04-13T00:00:00Z,58,1,NA,NA
Montenegro,MNE,2020-04-06T00:00:00Z,129,1,NA,NA
Montenegro,MNE,2020-03-30T00:00:00Z,64,1,NA,NA
Montenegro,MNE,2020-03-23T00:00:00Z,21,0,NA,NA
Netherlands,NLD,2021-01-18T00:00:00Z,38967,645,NA,84.26
Netherlands,NLD,2021-01-11T00:00:00Z,57026,799,84.26,84.26
Netherlands,NLD,2021-01-04T00:00:00Z,50699,570,84.26,84.26
Netherlands,NLD,2020-12-28T00:00:00Z,80594,551,84.26,84.26
Netherlands,NLD,2020-12-21T00:00:00Z,76154,443,84.26,84.26
Netherlands,NLD,2020-12-14T00:00:00Z,56193,360,56.48,56.48
Netherlands,NLD,2020-12-07T00:00:00Z,38280,338,56.48,56.48
Netherlands,NLD,2020-11-30T00:00:00Z,34213,457,56.48,56.48
Netherlands,NLD,2020-11-23T00:00:00Z,36725,404,56.48,56.48
Netherlands,NLD,2020-11-16T00:00:00Z,37762,481,65.74,65.74
Netherlands,NLD,2020-11-09T00:00:00Z,50136,570,65.74,65.74
Netherlands,NLD,2020-11-02T00:00:00Z,68512,388,62.04,62.04
Netherlands,NLD,2020-10-26T00:00:00Z,62691,285,62.04,62.04
Netherlands,NLD,2020-10-19T00:00:00Z,53784,176,62.04,62.04
Netherlands,NLD,2020-10-12T00:00:00Z,38701,130,62.04,62.04
Netherlands,NLD,2020-10-05T00:00:00Z,24239,80,62.04,62.04
Netherlands,NLD,2020-09-28T00:00:00Z,17826,95,48.15,48.15
Netherlands,NLD,2020-09-21T00:00:00Z,11661,25,48.15,48.15
Netherlands,NLD,2020-09-14T00:00:00Z,7308,11,50.93,50.93
Netherlands,NLD,2020-09-07T00:00:00Z,4644,19,50.93,50.93
Netherlands,NLD,2020-08-31T00:00:00Z,3581,24,50.93,50.93
Netherlands,NLD,2020-08-24T00:00:00Z,3547,28,50.93,50.93
Netherlands,NLD,2020-08-17T00:00:00Z,4379,15,39.81,39.81
Netherlands,NLD,2020-08-10T00:00:00Z,3521,8,39.81,39.81
Netherlands,NLD,2020-08-03T00:00:00Z,2097,0,39.81,39.81
Netherlands,NLD,2020-07-27T00:00:00Z,1221,4,39.81,39.81
Netherlands,NLD,2020-07-20T00:00:00Z,703,1,39.81,39.81
Netherlands,NLD,2020-07-13T00:00:00Z,401,8,39.81,39.81
Netherlands,NLD,2020-07-06T00:00:00Z,474,22,39.81,39.81
Netherlands,NLD,2020-06-29T00:00:00Z,554,15,59.26,59.26
Netherlands,NLD,2020-06-22T00:00:00Z,810,31,59.26,59.26
Netherlands,NLD,2020-06-15T00:00:00Z,1209,46,59.26,59.26
Netherlands,NLD,2020-06-08T00:00:00Z,1132,57,62.96,62.96
Netherlands,NLD,2020-06-01T00:00:00Z,1206,134,62.96,62.96
Netherlands,NLD,2020-05-25T00:00:00Z,1241,142,68.52,68.52
Netherlands,NLD,2020-05-18T00:00:00Z,1368,240,68.52,68.52
Netherlands,NLD,2020-05-11T00:00:00Z,2056,384,68.52,68.52
Netherlands,NLD,2020-05-04T00:00:00Z,2726,581,79.63,79.63
Netherlands,NLD,2020-04-27T00:00:00Z,5190,791,79.63,79.63
Netherlands,NLD,2020-04-20T00:00:00Z,7068,947,79.63,79.63
Netherlands,NLD,2020-04-13T00:00:00Z,7736,971,79.63,79.63
Netherlands,NLD,2020-04-06T00:00:00Z,6985,995,79.63,79.63
Netherlands,NLD,2020-03-30T00:00:00Z,6662,592,74.07,74.07
Netherlands,NLD,2020-03-23T00:00:00Z,3069,159,74.07,74.07
Netherlands,NLD,2020-03-16T00:00:00Z,870,17,62.04,62.04
Netherlands,NLD,2020-03-09T00:00:00Z,252,3,10.19,10.19
Netherlands,NLD,2020-03-02T00:00:00Z,13,0,0,0
Netherlands,NLD,2020-02-24T00:00:00Z,0,0,0,0
Netherlands,NLD,2020-02-17T00:00:00Z,0,0,0,0
Netherlands,NLD,2020-02-10T00:00:00Z,0,0,0,0
Netherlands,NLD,2020-02-03T00:00:00Z,0,0,0,0
Netherlands,NLD,2020-01-27T00:00:00Z,0,0,0,0
Netherlands,NLD,2020-01-20T00:00:00Z,0,0,0,0
Netherlands,NLD,2020-01-13T00:00:00Z,0,0,0,0
Netherlands,NLD,2020-01-06T00:00:00Z,0,0,0,0
Norway,NOR,2021-01-18T00:00:00Z,3178,43,NA,64.81
Norway,NOR,2021-01-11T00:00:00Z,4758,29,64.81,64.81
Norway,NOR,2021-01-04T00:00:00Z,3658,20,64.81,64.81
Norway,NOR,2020-12-28T00:00:00Z,4282,25,54.17,54.17
Norway,NOR,2020-12-21T00:00:00Z,1772,11,54.17,54.17
Norway,NOR,2020-12-14T00:00:00Z,3632,39,54.17,54.17
Norway,NOR,2020-12-07T00:00:00Z,2624,26,54.17,54.17
Norway,NOR,2020-11-30T00:00:00Z,3309,22,54.17,54.17
Norway,NOR,2020-11-23T00:00:00Z,4212,12,54.17,54.17
Norway,NOR,2020-11-16T00:00:00Z,4001,9,54.17,54.17
Norway,NOR,2020-11-09T00:00:00Z,3662,3,52.78,52.78
Norway,NOR,2020-11-02T00:00:00Z,2331,3,43.52,43.52
Norway,NOR,2020-10-26T00:00:00Z,1096,1,43.52,43.52
Norway,NOR,2020-10-19T00:00:00Z,915,3,32.41,32.41
Norway,NOR,2020-10-12T00:00:00Z,1072,0,32.41,32.41
Norway,NOR,2020-10-05T00:00:00Z,743,5,32.41,32.41
Norway,NOR,2020-09-28T00:00:00Z,761,3,32.41,32.41
Norway,NOR,2020-09-21T00:00:00Z,779,2,32.41,32.41
Norway,NOR,2020-09-14T00:00:00Z,746,1,37.96,37.96
Norway,NOR,2020-09-07T00:00:00Z,577,0,37.96,37.96
Norway,NOR,2020-08-31T00:00:00Z,346,0,37.96,37.96
Norway,NOR,2020-08-24T00:00:00Z,347,3,37.96,37.96
Norway,NOR,2020-08-17T00:00:00Z,382,5,40.74,40.74
Norway,NOR,2020-08-10T00:00:00Z,260,1,40.74,40.74
Norway,NOR,2020-08-03T00:00:00Z,123,0,40.74,40.74
Norway,NOR,2020-07-27T00:00:00Z,70,0,40.74,40.74
Norway,NOR,2020-07-20T00:00:00Z,50,3,40.74,40.74
Norway,NOR,2020-07-13T00:00:00Z,70,1,40.74,40.74
Norway,NOR,2020-07-06T00:00:00Z,80,2,40.74,40.74
Norway,NOR,2020-06-29T00:00:00Z,107,5,40.74,40.74
Norway,NOR,2020-06-22T00:00:00Z,102,2,40.74,40.74
Norway,NOR,2020-06-15T00:00:00Z,102,4,40.74,40.74
Norway,NOR,2020-06-08T00:00:00Z,93,2,43.52,43.52
Norway,NOR,2020-06-01T00:00:00Z,102,1,58.33,58.33
Norway,NOR,2020-05-25T00:00:00Z,112,3,58.33,58.33
Norway,NOR,2020-05-18T00:00:00Z,98,15,58.33,58.33
Norway,NOR,2020-05-11T00:00:00Z,290,9,63.89,63.89
Norway,NOR,2020-05-04T00:00:00Z,304,15,67.59,67.59
Norway,NOR,2020-04-27T00:00:00Z,437,39,67.59,67.59
Norway,NOR,2020-04-20T00:00:00Z,653,51,74.07,74.07
Norway,NOR,2020-04-13T00:00:00Z,775,45,79.63,79.63
Norway,NOR,2020-04-06T00:00:00Z,1538,36,79.63,79.63
Norway,NOR,2020-03-30T00:00:00Z,1970,15,79.63,79.63
Norway,NOR,2020-03-23T00:00:00Z,1055,6,62.96,62.96
Norway,NOR,2020-03-16T00:00:00Z,908,1,60.19,60.19
Norway,NOR,2020-03-09T00:00:00Z,150,0,11.11,11.11
Norway,NOR,2020-03-02T00:00:00Z,19,0,11.11,11.11
Norway,NOR,2020-02-24T00:00:00Z,0,0,11.11,11.11
Norway,NOR,2020-02-17T00:00:00Z,0,0,11.11,11.11
Norway,NOR,2020-02-10T00:00:00Z,0,0,11.11,11.11
Norway,NOR,2020-02-03T00:00:00Z,0,0,11.11,11.11
Norway,NOR,2020-01-27T00:00:00Z,0,0,0,0
Norway,NOR,2020-01-20T00:00:00Z,0,0,0,0
Norway,NOR,2020-01-13T00:00:00Z,0,0,0,0
Norway,NOR,2020-01-06T00:00:00Z,0,0,0,0
Poland,POL,2021-01-18T00:00:00Z,48529,2143,71.3,71.3
Poland,POL,2021-01-11T00:00:00Z,67438,2103,75,75
Poland,POL,2021-01-04T00:00:00Z,61937,2014,75,75
Poland,POL,2020-12-28T00:00:00Z,58310,1750,75,75
Poland,POL,2020-12-21T00:00:00Z,67024,2533,75,75
Poland,POL,2020-12-14T00:00:00Z,72227,2775,75,75
Poland,POL,2020-12-07T00:00:00Z,78374,3060,75,75
Poland,POL,2020-11-30T00:00:00Z,123744,3411,75,75
Poland,POL,2020-11-23T00:00:00Z,148359,3270,75,75
Poland,POL,2020-11-16T00:00:00Z,166547,2476,75,75
Poland,POL,2020-11-09T00:00:00Z,166523,2089,75,75
Poland,POL,2020-11-02T00:00:00Z,126214,1345,71.3,71.3
Poland,POL,2020-10-26T00:00:00Z,77922,865,71.3,71.3
Poland,POL,2020-10-19T00:00:00Z,49950,569,34.72,34.72
Poland,POL,2020-10-12T00:00:00Z,27676,400,37.04,37.04
Poland,POL,2020-10-05T00:00:00Z,10810,172,23.15,23.15
Poland,POL,2020-09-28T00:00:00Z,8090,139,23.15,23.15
Poland,POL,2020-09-21T00:00:00Z,5088,105,23.15,23.15
Poland,POL,2020-09-14T00:00:00Z,3328,68,36.11,36.11
Poland,POL,2020-09-07T00:00:00Z,3954,87,36.11,36.11
Poland,POL,2020-08-31T00:00:00Z,5108,78,39.81,39.81
Poland,POL,2020-08-24T00:00:00Z,5078,78,39.81,39.81
Poland,POL,2020-08-17T00:00:00Z,4893,70,39.81,39.81
Poland,POL,2020-08-10T00:00:00Z,4897,76,39.81,39.81
Poland,POL,2020-08-03T00:00:00Z,3829,60,39.81,39.81
Poland,POL,2020-07-27T00:00:00Z,2961,47,39.81,39.81
Poland,POL,2020-07-20T00:00:00Z,2213,53,39.81,39.81
Poland,POL,2020-07-13T00:00:00Z,1941,54,39.81,39.81
Poland,POL,2020-07-06T00:00:00Z,2043,79,50.93,50.93
Poland,POL,2020-06-29T00:00:00Z,1976,82,50.93,50.93
Poland,POL,2020-06-22T00:00:00Z,2539,109,50.93,50.93
Poland,POL,2020-06-15T00:00:00Z,2831,90,50.93,50.93
Poland,POL,2020-06-08T00:00:00Z,2775,93,53.7,53.7
Poland,POL,2020-06-01T00:00:00Z,2460,68,64.81,64.81
Poland,POL,2020-05-25T00:00:00Z,2797,71,79.63,79.63
Poland,POL,2020-05-18T00:00:00Z,2533,125,83.33,83.33
Poland,POL,2020-05-11T00:00:00Z,2303,122,83.33,83.33
Poland,POL,2020-05-04T00:00:00Z,2076,143,83.33,83.33
Poland,POL,2020-04-27T00:00:00Z,2330,175,83.33,83.33
Poland,POL,2020-04-20T00:00:00Z,2613,128,83.33,83.33
Poland,POL,2020-04-13T00:00:00Z,2572,138,83.33,83.33
Poland,POL,2020-04-06T00:00:00Z,2240,72,81.48,81.48
Poland,POL,2020-03-30T00:00:00Z,1228,15,57.41,57.41
Poland,POL,2020-03-23T00:00:00Z,509,4,57.41,57.41
Poland,POL,2020-03-16T00:00:00Z,114,3,57.41,57.41
Poland,POL,2020-03-09T00:00:00Z,11,0,13.89,13.89
Portugal,PRT,2021-01-18T00:00:00Z,67210,1103,64.81,64.81
Portugal,PRT,2021-01-11T00:00:00Z,57670,729,67.59,67.59
Portugal,PRT,2021-01-04T00:00:00Z,34957,519,67.59,67.59
Portugal,PRT,2020-12-28T00:00:00Z,22545,543,67.59,67.59
Portugal,PRT,2020-12-21T00:00:00Z,25377,575,67.59,67.59
Portugal,PRT,2020-12-14T00:00:00Z,26270,596,67.59,67.59
Portugal,PRT,2020-12-07T00:00:00Z,27675,536,69.44,69.44
Portugal,PRT,2020-11-30T00:00:00Z,34041,530,63.89,63.89
Portugal,PRT,2020-11-23T00:00:00Z,43457,516,62.5,62.5
Portugal,PRT,2020-11-16T00:00:00Z,37977,485,62.5,62.5
Portugal,PRT,2020-11-09T00:00:00Z,34983,352,60.65,60.65
Portugal,PRT,2020-11-02T00:00:00Z,25655,228,74.54,74.54
Portugal,PRT,2020-10-26T00:00:00Z,18775,135,66.2,66.2
Portugal,PRT,2020-10-19T00:00:00Z,13247,101,56.94,56.94
Portugal,PRT,2020-10-12T00:00:00Z,8417,85,56.94,56.94
Portugal,PRT,2020-10-05T00:00:00Z,4643,42,56.94,56.94
Portugal,PRT,2020-09-28T00:00:00Z,5027,41,58.8,58.8
Portugal,PRT,2020-09-21T00:00:00Z,4594,45,58.8,58.8
Portugal,PRT,2020-09-14T00:00:00Z,3725,27,56.94,56.94
Portugal,PRT,2020-09-07T00:00:00Z,2490,21,56.94,56.94
Portugal,PRT,2020-08-31T00:00:00Z,2171,23,55.09,55.09
Portugal,PRT,2020-08-24T00:00:00Z,1495,18,66.2,66.2
Portugal,PRT,2020-08-17T00:00:00Z,1434,22,66.2,66.2
Portugal,PRT,2020-08-10T00:00:00Z,1205,18,66.2,66.2
Portugal,PRT,2020-08-03T00:00:00Z,1299,21,65.28,65.28
Portugal,PRT,2020-07-27T00:00:00Z,1528,28,71.76,71.76
Portugal,PRT,2020-07-20T00:00:00Z,2124,29,71.76,71.76
Portugal,PRT,2020-07-13T00:00:00Z,2615,46,71.3,71.3
Portugal,PRT,2020-07-06T00:00:00Z,2251,50,71.3,71.3
Portugal,PRT,2020-06-29T00:00:00Z,2513,34,72.69,72.69
Portugal,PRT,2020-06-22T00:00:00Z,2443,13,69.91,69.91
Portugal,PRT,2020-06-15T00:00:00Z,2197,38,69.91,69.91
Portugal,PRT,2020-06-08T00:00:00Z,1993,69,69.91,69.91
Portugal,PRT,2020-06-01T00:00:00Z,1877,94,71.3,71.3
Portugal,PRT,2020-05-25T00:00:00Z,1587,98,71.3,71.3
Portugal,PRT,2020-05-18T00:00:00Z,1455,83,71.3,71.3
Portugal,PRT,2020-05-11T00:00:00Z,2057,72,75,75
Portugal,PRT,2020-05-04T00:00:00Z,1678,135,75,75
Portugal,PRT,2020-04-27T00:00:00Z,3640,214,82.41,82.41
Portugal,PRT,2020-04-20T00:00:00Z,3621,210,82.41,82.41
Portugal,PRT,2020-04-13T00:00:00Z,5307,209,87.96,87.96
Portugal,PRT,2020-04-06T00:00:00Z,5316,176,82.41,82.41
Portugal,PRT,2020-03-30T00:00:00Z,4362,105,82.41,82.41
Portugal,PRT,2020-03-23T00:00:00Z,1355,14,82.41,82.41
Portugal,PRT,2020-03-16T00:00:00Z,215,0,37.96,37.96
Portugal,PRT,2020-03-09T00:00:00Z,30,0,16.67,16.67
Romania,ROU,2021-01-18T00:00:00Z,21882,546,76.85,76.85
Romania,ROU,2021-01-11T00:00:00Z,32842,746,76.85,76.85
Romania,ROU,2021-01-04T00:00:00Z,22000,645,76.85,76.85
Romania,ROU,2020-12-28T00:00:00Z,27135,940,76.85,76.85
Romania,ROU,2020-12-21T00:00:00Z,34959,1009,76.85,76.85
Romania,ROU,2020-12-14T00:00:00Z,42759,1065,76.85,76.85
Romania,ROU,2020-12-07T00:00:00Z,42040,1127,76.85,76.85
Romania,ROU,2020-11-30T00:00:00Z,52891,1146,76.85,76.85
Romania,ROU,2020-11-23T00:00:00Z,58364,1121,76.85,76.85
Romania,ROU,2020-11-16T00:00:00Z,56530,1047,76.85,76.85
Romania,ROU,2020-11-09T00:00:00Z,57088,812,66.67,66.67
Romania,ROU,2020-11-02T00:00:00Z,37015,676,54.63,54.63
Romania,ROU,2020-10-26T00:00:00Z,29260,519,54.63,54.63
Romania,ROU,2020-10-19T00:00:00Z,25105,461,44.44,44.44
Romania,ROU,2020-10-12T00:00:00Z,21218,464,44.44,44.44
Romania,ROU,2020-10-05T00:00:00Z,11392,229,43.52,43.52
Romania,ROU,2020-09-28T00:00:00Z,9892,283,43.52,43.52
Romania,ROU,2020-09-21T00:00:00Z,9286,272,43.52,43.52
Romania,ROU,2020-09-14T00:00:00Z,8481,270,43.52,43.52
Romania,ROU,2020-09-07T00:00:00Z,8229,315,45.37,45.37
Romania,ROU,2020-08-31T00:00:00Z,8260,306,42.59,42.59
Romania,ROU,2020-08-24T00:00:00Z,8064,281,42.59,42.59
Romania,ROU,2020-08-17T00:00:00Z,8693,291,42.59,42.59
Romania,ROU,2020-08-10T00:00:00Z,8582,287,42.59,42.59
Romania,ROU,2020-08-03T00:00:00Z,8388,226,42.59,42.59
Romania,ROU,2020-07-27T00:00:00Z,7340,161,42.59,42.59
Romania,ROU,2020-07-20T00:00:00Z,4923,142,42.59,42.59
Romania,ROU,2020-07-13T00:00:00Z,3562,134,42.59,42.59
Romania,ROU,2020-07-06T00:00:00Z,2660,138,41.67,41.67
Romania,ROU,2020-06-29T00:00:00Z,2268,100,41.67,41.67
Romania,ROU,2020-06-22T00:00:00Z,2046,102,41.67,41.67
Romania,ROU,2020-06-15T00:00:00Z,1520,84,50.93,50.93
Romania,ROU,2020-06-08T00:00:00Z,1222,64,53.7,53.7
Romania,ROU,2020-06-01T00:00:00Z,1187,83,57.41,57.41
Romania,ROU,2020-05-25T00:00:00Z,1199,82,75,75
Romania,ROU,2020-05-18T00:00:00Z,1509,145,75,75
Romania,ROU,2020-05-11T00:00:00Z,2199,172,78.7,78.7
Romania,ROU,2020-05-04T00:00:00Z,2127,172,87.04,87.04
Romania,ROU,2020-04-27T00:00:00Z,2290,174,87.04,87.04
Romania,ROU,2020-04-20T00:00:00Z,2446,128,87.04,87.04
Romania,ROU,2020-04-13T00:00:00Z,2436,158,87.04,87.04
Romania,ROU,2020-04-06T00:00:00Z,2104,108,87.04,87.04
Romania,ROU,2020-03-30T00:00:00Z,1327,38,81.48,81.48
Romania,ROU,2020-03-23T00:00:00Z,294,2,75,75
Romania,ROU,2020-03-16T00:00:00Z,124,0,58.33,58.33
Romania,ROU,2020-03-09T00:00:00Z,12,0,33.33,33.33
Romania,ROU,2020-03-02T00:00:00Z,3,0,16.67,16.67
Romania,ROU,2020-02-24T00:00:00Z,0,0,5.56,5.56
Romania,ROU,2020-02-17T00:00:00Z,0,0,5.56,5.56
Romania,ROU,2020-02-10T00:00:00Z,0,0,5.56,5.56
Romania,ROU,2020-02-03T00:00:00Z,0,0,5.56,5.56
Romania,ROU,2020-01-27T00:00:00Z,0,0,2.78,2.78
Romania,ROU,2020-01-20T00:00:00Z,0,0,0,0
Romania,ROU,2020-01-13T00:00:00Z,0,0,0,0
Romania,ROU,2020-01-06T00:00:00Z,0,0,0,0
Serbia,SRB,2021-01-18T00:00:00Z,12844,168,56.48,56.48
Serbia,SRB,2021-01-11T00:00:00Z,15819,257,60.19,60.19
Serbia,SRB,2021-01-04T00:00:00Z,15251,252,60.19,60.19
Serbia,SRB,2020-12-28T00:00:00Z,24872,340,60.19,60.19
Serbia,SRB,2020-12-21T00:00:00Z,37315,402,60.19,60.19
Serbia,SRB,2020-12-14T00:00:00Z,46780,382,60.19,60.19
Serbia,SRB,2020-12-07T00:00:00Z,50438,400,60.19,60.19
Serbia,SRB,2020-11-30T00:00:00Z,48094,350,60.19,60.19
Serbia,SRB,2020-11-23T00:00:00Z,36552,190,54.63,54.63
Serbia,SRB,2020-11-16T00:00:00Z,21821,119,54.63,54.63
Serbia,SRB,2020-11-09T00:00:00Z,14344,64,54.63,54.63
Serbia,SRB,2020-11-02T00:00:00Z,8917,34,51.85,51.85
Serbia,SRB,2020-10-26T00:00:00Z,3326,16,51.85,51.85
Serbia,SRB,2020-10-19T00:00:00Z,1373,13,54.63,54.63
Serbia,SRB,2020-10-12T00:00:00Z,886,9,54.63,54.63
Serbia,SRB,2020-10-05T00:00:00Z,517,7,54.63,54.63
Serbia,SRB,2020-09-28T00:00:00Z,476,6,54.63,54.63
Serbia,SRB,2020-09-21T00:00:00Z,500,8,54.63,54.63
Serbia,SRB,2020-09-14T00:00:00Z,503,9,54.63,54.63
Serbia,SRB,2020-09-07T00:00:00Z,540,13,54.63,54.63
Serbia,SRB,2020-08-31T00:00:00Z,708,13,58.33,58.33
Serbia,SRB,2020-08-24T00:00:00Z,975,24,58.33,58.33
Serbia,SRB,2020-08-17T00:00:00Z,1583,33,58.33,58.33
Serbia,SRB,2020-08-10T00:00:00Z,1906,51,55.56,55.56
Serbia,SRB,2020-08-03T00:00:00Z,2463,56,55.56,55.56
Serbia,SRB,2020-07-27T00:00:00Z,2836,62,55.56,55.56
Serbia,SRB,2020-07-20T00:00:00Z,2534,79,55.56,55.56
Serbia,SRB,2020-07-13T00:00:00Z,2229,82,44.44,44.44
Serbia,SRB,2020-07-06T00:00:00Z,2085,41,38.89,38.89
Serbia,SRB,2020-06-29T00:00:00Z,1152,9,25.93,25.93
Serbia,SRB,2020-06-22T00:00:00Z,584,7,27.78,27.78
Serbia,SRB,2020-06-15T00:00:00Z,487,5,27.78,27.78
Serbia,SRB,2020-06-08T00:00:00Z,411,6,27.78,27.78
Serbia,SRB,2020-06-01T00:00:00Z,253,5,43.52,43.52
Serbia,SRB,2020-05-25T00:00:00Z,549,8,49.07,49.07
Serbia,SRB,2020-05-18T00:00:00Z,496,15,51.85,51.85
Serbia,SRB,2020-05-11T00:00:00Z,650,22,86.11,86.11
Serbia,SRB,2020-05-04T00:00:00Z,1422,37,96.3,96.3
Serbia,SRB,2020-04-27T00:00:00Z,1724,34,93.52,93.52
Serbia,SRB,2020-04-20T00:00:00Z,2688,42,100,100
Serbia,SRB,2020-04-13T00:00:00Z,1722,29,100,100
Serbia,SRB,2020-04-06T00:00:00Z,1167,38,100,100
Serbia,SRB,2020-03-30T00:00:00Z,553,12,100,100
Serbia,SRB,2020-03-23T00:00:00Z,133,1,100,100
Serbia,SRB,2020-03-16T00:00:00Z,55,0,66.67,66.67
Slovakia,SVK,2021-01-18T00:00:00Z,15316,519,NA,NA
Slovakia,SVK,2021-01-11T00:00:00Z,20970,486,NA,NA
Slovakia,SVK,2021-01-04T00:00:00Z,20007,642,NA,NA
Slovakia,SVK,2020-12-28T00:00:00Z,16756,324,NA,NA
Slovakia,SVK,2020-12-21T00:00:00Z,18352,380,NA,NA
Slovakia,SVK,2020-12-14T00:00:00Z,16253,179,NA,NA
Slovakia,SVK,2020-12-07T00:00:00Z,10998,180,NA,NA
Slovakia,SVK,2020-11-30T00:00:00Z,9492,145,NA,NA
Slovakia,SVK,2020-11-23T00:00:00Z,9474,161,NA,NA
Slovakia,SVK,2020-11-16T00:00:00Z,11272,159,NA,NA
Slovakia,SVK,2020-11-09T00:00:00Z,15549,132,NA,NA
Slovakia,SVK,2020-11-02T00:00:00Z,16103,60,NA,NA
Slovakia,SVK,2020-10-26T00:00:00Z,14008,71,NA,NA
Slovakia,SVK,2020-10-19T00:00:00Z,9984,27,NA,NA
Slovakia,SVK,2020-10-12T00:00:00Z,6712,6,NA,NA
Slovakia,SVK,2020-10-05T00:00:00Z,4061,11,NA,NA
Slovakia,SVK,2020-09-28T00:00:00Z,2401,5,NA,NA
Slovakia,SVK,2020-09-21T00:00:00Z,1145,1,NA,NA
Slovakia,SVK,2020-09-14T00:00:00Z,918,1,NA,NA
Slovakia,SVK,2020-09-07T00:00:00Z,738,4,NA,NA
Slovakia,SVK,2020-08-31T00:00:00Z,520,0,NA,NA
Slovakia,SVK,2020-08-24T00:00:00Z,454,2,NA,NA
Slovakia,SVK,2020-08-17T00:00:00Z,306,0,NA,NA
Slovakia,SVK,2020-08-10T00:00:00Z,252,2,NA,NA
Slovakia,SVK,2020-08-03T00:00:00Z,165,1,NA,NA
Slovakia,SVK,2020-07-27T00:00:00Z,200,0,NA,NA
Slovakia,SVK,2020-07-20T00:00:00Z,78,0,NA,NA
Slovakia,SVK,2020-07-13T00:00:00Z,137,0,NA,NA
Slovakia,SVK,2020-07-06T00:00:00Z,100,0,NA,NA
Slovakia,SVK,2020-06-29T00:00:00Z,77,0,NA,NA
Slovakia,SVK,2020-06-22T00:00:00Z,39,0,NA,NA
Slovakia,SVK,2020-06-15T00:00:00Z,20,0,NA,NA
Slovakia,SVK,2020-06-08T00:00:00Z,6,0,NA,NA
Slovakia,SVK,2020-06-01T00:00:00Z,13,0,NA,NA
Slovakia,SVK,2020-05-25T00:00:00Z,15,0,NA,NA
Slovakia,SVK,2020-05-18T00:00:00Z,37,2,NA,NA
Slovakia,SVK,2020-05-11T00:00:00Z,49,2,NA,NA
Slovakia,SVK,2020-05-04T00:00:00Z,29,6,NA,NA
Slovakia,SVK,2020-04-27T00:00:00Z,218,6,NA,NA
Slovakia,SVK,2020-04-20T00:00:00Z,419,10,NA,NA
Slovakia,SVK,2020-04-13T00:00:00Z,257,2,NA,NA
Slovakia,SVK,2020-04-06T00:00:00Z,149,0,NA,NA
Slovakia,SVK,2020-03-30T00:00:00Z,151,0,NA,NA
Slovakia,SVK,2020-03-23T00:00:00Z,124,0,NA,NA
Slovakia,SVK,2020-03-16T00:00:00Z,56,0,NA,NA
Slovakia,SVK,2020-03-09T00:00:00Z,5,0,NA,NA
Slovenia,SVN,2021-01-18T00:00:00Z,9721,224,74.07,74.07
Slovenia,SVN,2021-01-11T00:00:00Z,13855,256,74.07,74.07
Slovenia,SVN,2021-01-04T00:00:00Z,10531,307,68.52,68.52
Slovenia,SVN,2020-12-28T00:00:00Z,9428,216,68.52,68.52
Slovenia,SVN,2020-12-21T00:00:00Z,9585,156,68.52,68.52
Slovenia,SVN,2020-12-14T00:00:00Z,10509,954,68.52,68.52
Slovenia,SVN,2020-12-07T00:00:00Z,10424,331,68.52,68.52
Slovenia,SVN,2020-11-30T00:00:00Z,10073,264,68.52,68.52
Slovenia,SVN,2020-11-23T00:00:00Z,10266,152,68.52,68.52
Slovenia,SVN,2020-11-16T00:00:00Z,9881,129,68.52,68.52
Slovenia,SVN,2020-11-09T00:00:00Z,9512,146,68.52,68.52
Slovenia,SVN,2020-11-02T00:00:00Z,12699,53,68.52,68.52
Slovenia,SVN,2020-10-26T00:00:00Z,9806,22,64.81,64.81
Slovenia,SVN,2020-10-19T00:00:00Z,4479,19,64.81,64.81
Slovenia,SVN,2020-10-12T00:00:00Z,2167,2,47.22,47.22
Slovenia,SVN,2020-10-05T00:00:00Z,1148,4,47.22,47.22
Slovenia,SVN,2020-09-28T00:00:00Z,930,3,50,50
Slovenia,SVN,2020-09-21T00:00:00Z,718,2,50,50
Slovenia,SVN,2020-09-14T00:00:00Z,528,1,50,50
Slovenia,SVN,2020-09-07T00:00:00Z,309,2,50,50
Slovenia,SVN,2020-08-31T00:00:00Z,214,1,50,50
Slovenia,SVN,2020-08-24T00:00:00Z,235,3,50,50
Slovenia,SVN,2020-08-17T00:00:00Z,167,4,50,50
Slovenia,SVN,2020-08-10T00:00:00Z,69,3,50,50
Slovenia,SVN,2020-08-03T00:00:00Z,98,2,50,50
Slovenia,SVN,2020-07-27T00:00:00Z,136,4,50,50
Slovenia,SVN,2020-07-20T00:00:00Z,105,0,50,50
Slovenia,SVN,2020-07-13T00:00:00Z,141,0,39.81,39.81
Slovenia,SVN,2020-07-06T00:00:00Z,119,0,39.81,39.81
Slovenia,SVN,2020-06-29T00:00:00Z,61,2,39.81,39.81
Slovenia,SVN,2020-06-22T00:00:00Z,25,0,39.81,39.81
Slovenia,SVN,2020-06-15T00:00:00Z,10,1,39.81,39.81
Slovenia,SVN,2020-06-08T00:00:00Z,12,0,39.81,39.81
Slovenia,SVN,2020-06-01T00:00:00Z,4,2,41.2,41.2
Slovenia,SVN,2020-05-25T00:00:00Z,3,2,44.91,44.91
Slovenia,SVN,2020-05-18T00:00:00Z,6,2,44.91,44.91
Slovenia,SVN,2020-05-11T00:00:00Z,21,6,63.89,63.89
Slovenia,SVN,2020-05-04T00:00:00Z,32,14,75,75
Slovenia,SVN,2020-04-27T00:00:00Z,77,8,86.11,86.11
Slovenia,SVN,2020-04-20T00:00:00Z,125,21,86.11,86.11
Slovenia,SVN,2020-04-13T00:00:00Z,208,25,89.81,89.81
Slovenia,SVN,2020-04-06T00:00:00Z,267,17,89.81,89.81
Slovenia,SVN,2020-03-30T00:00:00Z,316,10,89.81,89.81
Slovenia,SVN,2020-03-23T00:00:00Z,195,1,78.7,78.7
Slovenia,SVN,2020-03-16T00:00:00Z,203,0,50.93,50.93
Slovenia,SVN,2020-03-09T00:00:00Z,16,0,16.67,16.67
Spain,ESP,2021-01-18T00:00:00Z,224669,1494,71.3,71.3
Spain,ESP,2021-01-11T00:00:00Z,152938,1197,71.3,71.3
Spain,ESP,2021-01-04T00:00:00Z,79431,956,78.7,78.7
Spain,ESP,2020-12-28T00:00:00Z,60164,862,78.7,78.7
Spain,ESP,2020-12-21T00:00:00Z,67365,1247,71.3,71.3
Spain,ESP,2020-12-14T00:00:00Z,49556,1367,71.3,71.3
Spain,ESP,2020-12-07T00:00:00Z,54141,1577,71.3,71.3
Spain,ESP,2020-11-30T00:00:00Z,65571,1938,71.3,71.3
Spain,ESP,2020-11-23T00:00:00Z,85752,1878,71.3,71.3
Spain,ESP,2020-11-16T00:00:00Z,115646,1908,71.3,71.3
Spain,ESP,2020-11-09T00:00:00Z,140521,3088,71.3,71.3
Spain,ESP,2020-11-02T00:00:00Z,142377,1226,71.3,71.3
Spain,ESP,2020-10-26T00:00:00Z,123871,1039,71.3,71.3
Spain,ESP,2020-10-19T00:00:00Z,85481,868,64.35,64.35
Spain,ESP,2020-10-12T00:00:00Z,75556,899,64.35,64.35
Spain,ESP,2020-10-05T00:00:00Z,65146,814,60.65,60.65
Spain,ESP,2020-09-28T00:00:00Z,76798,748,60.65,60.65
Spain,ESP,2020-09-21T00:00:00Z,77738,815,60.65,60.65
Spain,ESP,2020-09-14T00:00:00Z,68181,332,60.65,60.65
Spain,ESP,2020-09-07T00:00:00Z,62691,422,60.65,60.65
Spain,ESP,2020-08-31T00:00:00Z,57422,222,62.5,62.5
Spain,ESP,2020-08-24T00:00:00Z,46354,226,62.5,62.5
Spain,ESP,2020-08-17T00:00:00Z,36102,70,62.5,62.5
Spain,ESP,2020-08-10T00:00:00Z,25926,104,60.65,60.65
Spain,ESP,2020-08-03T00:00:00Z,18272,38,64.35,64.35
Spain,ESP,2020-07-27T00:00:00Z,13946,12,64.35,64.35
Spain,ESP,2020-07-20T00:00:00Z,8883,16,64.35,64.35
Spain,ESP,2020-07-13T00:00:00Z,4164,18,56.94,56.94
Spain,ESP,2020-07-06T00:00:00Z,2819,42,56.94,56.94
Spain,ESP,2020-06-29T00:00:00Z,2466,22,41.2,41.2
Spain,ESP,2020-06-22T00:00:00Z,2395,1188,41.2,41.2
Spain,ESP,2020-06-15T00:00:00Z,2392,0,57.41,57.41
Spain,ESP,2020-06-08T00:00:00Z,2079,9,57.41,57.41
Spain,ESP,2020-06-01T00:00:00Z,4238,293,66.67,66.67
Spain,ESP,2020-05-25T00:00:00Z,3794,-875,75.46,75.46
Spain,ESP,2020-05-18T00:00:00Z,3836,965,79.17,79.17
Spain,ESP,2020-05-11T00:00:00Z,8565,1316,81.94,81.94
Spain,ESP,2020-05-04T00:00:00Z,7635,2238,81.94,81.94
Spain,ESP,2020-04-27T00:00:00Z,16100,2338,85.19,85.19
Spain,ESP,2020-04-20T00:00:00Z,20519,3880,85.19,85.19
Spain,ESP,2020-04-13T00:00:00Z,32553,4554,85.19,85.19
Spain,ESP,2020-04-06T00:00:00Z,46276,5890,85.19,85.19
Spain,ESP,2020-03-30T00:00:00Z,54860,4808,85.19,85.19
Spain,ESP,2020-03-23T00:00:00Z,29771,1432,71.76,71.76
Spain,ESP,2020-03-16T00:00:00Z,9964,283,68.98,68.98
Spain,ESP,2020-03-09T00:00:00Z,1391,5,25,25
Spain,ESP,2020-03-02T00:00:00Z,134,0,11.11,11.11
Spain,ESP,2020-02-24T00:00:00Z,0,0,11.11,11.11
Spain,ESP,2020-02-17T00:00:00Z,0,0,11.11,11.11
Spain,ESP,2020-02-10T00:00:00Z,1,0,11.11,11.11
Spain,ESP,2020-02-03T00:00:00Z,1,0,11.11,11.11
Spain,ESP,2020-01-27T00:00:00Z,0,0,0,0
Spain,ESP,2020-01-20T00:00:00Z,0,0,0,0
Spain,ESP,2020-01-13T00:00:00Z,0,0,0,0
Spain,ESP,2020-01-06T00:00:00Z,0,0,0,0
Sweden,SWE,2021-01-18T00:00:00Z,28970,178,NA,69.44
Sweden,SWE,2021-01-11T00:00:00Z,39467,469,69.44,69.44
Sweden,SWE,2021-01-04T00:00:00Z,41338,591,69.44,69.44
Sweden,SWE,2020-12-28T00:00:00Z,37141,676,69.44,69.44
Sweden,SWE,2020-12-21T00:00:00Z,46185,623,69.44,69.44
Sweden,SWE,2020-12-14T00:00:00Z,43630,532,71.3,71.3
Sweden,SWE,2020-12-07T00:00:00Z,36841,466,68.52,68.52
Sweden,SWE,2020-11-30T00:00:00Z,35561,428,64.81,64.81
Sweden,SWE,2020-11-23T00:00:00Z,31955,348,58.33,58.33
Sweden,SWE,2020-11-16T00:00:00Z,31322,237,58.33,58.33
Sweden,SWE,2020-11-09T00:00:00Z,25405,171,55.56,55.56
Sweden,SWE,2020-11-02T00:00:00Z,18475,91,55.56,55.56
Sweden,SWE,2020-10-26T00:00:00Z,9157,50,55.56,55.56
Sweden,SWE,2020-10-19T00:00:00Z,5620,17,55.56,55.56
Sweden,SWE,2020-10-12T00:00:00Z,4278,23,55.56,55.56
Sweden,SWE,2020-10-05T00:00:00Z,3642,18,55.56,55.56
Sweden,SWE,2020-09-28T00:00:00Z,2919,10,55.56,55.56
Sweden,SWE,2020-09-21T00:00:00Z,2080,12,55.56,55.56
Sweden,SWE,2020-09-14T00:00:00Z,1592,14,55.56,55.56
Sweden,SWE,2020-09-07T00:00:00Z,1332,11,55.56,55.56
Sweden,SWE,2020-08-31T00:00:00Z,1200,11,55.56,55.56
Sweden,SWE,2020-08-24T00:00:00Z,1687,17,55.56,55.56
Sweden,SWE,2020-08-17T00:00:00Z,2052,17,55.56,55.56
Sweden,SWE,2020-08-10T00:00:00Z,2014,16,59.26,59.26
Sweden,SWE,2020-08-03T00:00:00Z,1556,16,59.26,59.26
Sweden,SWE,2020-07-27T00:00:00Z,1316,30,59.26,59.26
Sweden,SWE,2020-07-20T00:00:00Z,1622,51,59.26,59.26
Sweden,SWE,2020-07-13T00:00:00Z,2179,82,59.26,59.26
Sweden,SWE,2020-07-06T00:00:00Z,4276,97,59.26,59.26
Sweden,SWE,2020-06-29T00:00:00Z,7459,134,59.26,59.26
Sweden,SWE,2020-06-22T00:00:00Z,7073,190,59.26,59.26
Sweden,SWE,2020-06-15T00:00:00Z,7123,227,59.26,59.26
Sweden,SWE,2020-06-08T00:00:00Z,6021,244,64.81,64.81
Sweden,SWE,2020-06-01T00:00:00Z,4281,271,64.81,64.81
Sweden,SWE,2020-05-25T00:00:00Z,3659,343,64.81,64.81
Sweden,SWE,2020-05-18T00:00:00Z,3869,375,64.81,64.81
Sweden,SWE,2020-05-11T00:00:00Z,4152,491,64.81,64.81
Sweden,SWE,2020-05-04T00:00:00Z,3832,554,64.81,64.81
Sweden,SWE,2020-04-27T00:00:00Z,4201,535,64.81,64.81
Sweden,SWE,2020-04-20T00:00:00Z,3751,659,64.81,64.81
Sweden,SWE,2020-04-13T00:00:00Z,3739,658,64.81,64.81
Sweden,SWE,2020-04-06T00:00:00Z,3229,496,64.81,64.81
Sweden,SWE,2020-03-30T00:00:00Z,1957,224,53.7,53.7
Sweden,SWE,2020-03-23T00:00:00Z,924,53,43.52,43.52
Sweden,SWE,2020-03-16T00:00:00Z,838,8,27.78,27.78
Sweden,SWE,2020-03-09T00:00:00Z,211,0,11.11,11.11
Sweden,SWE,2020-03-02T00:00:00Z,13,0,0,0
Sweden,SWE,2020-02-24T00:00:00Z,0,0,0,0
Sweden,SWE,2020-02-17T00:00:00Z,0,0,0,0
Sweden,SWE,2020-02-10T00:00:00Z,1,0,0,0
Sweden,SWE,2020-02-03T00:00:00Z,0,0,0,0
Sweden,SWE,2020-01-27T00:00:00Z,0,0,0,0
Sweden,SWE,2020-01-20T00:00:00Z,0,0,0,0
Sweden,SWE,2020-01-13T00:00:00Z,0,0,0,0
Sweden,SWE,2020-01-06T00:00:00Z,0,0,0,0
Switzerland,CHE,2021-01-18T00:00:00Z,15378,392,NA,60.19
Switzerland,CHE,2021-01-11T00:00:00Z,22434,417,60.19,60.19
Switzerland,CHE,2021-01-04T00:00:00Z,23414,495,60.19,60.19
Switzerland,CHE,2020-12-28T00:00:00Z,24084,563,60.19,60.19
Switzerland,CHE,2020-12-21T00:00:00Z,39833,802,60.19,60.19
Switzerland,CHE,2020-12-14T00:00:00Z,29228,546,60.19,60.19
Switzerland,CHE,2020-12-07T00:00:00Z,26084,596,57.41,57.41
Switzerland,CHE,2020-11-30T00:00:00Z,27534,669,57.41,57.41
Switzerland,CHE,2020-11-23T00:00:00Z,33297,611,57.41,57.41
Switzerland,CHE,2020-11-16T00:00:00Z,45026,552,59.26,59.26
Switzerland,CHE,2020-11-09T00:00:00Z,57432,369,59.26,59.26
Switzerland,CHE,2020-11-02T00:00:00Z,50405,159,59.26,59.26
Switzerland,CHE,2020-10-26T00:00:00Z,28901,53,35.65,35.65
Switzerland,CHE,2020-10-19T00:00:00Z,14192,30,32.87,32.87
Switzerland,CHE,2020-10-12T00:00:00Z,5967,10,29.17,29.17
Switzerland,CHE,2020-10-05T00:00:00Z,2399,5,31.94,31.94
Switzerland,CHE,2020-09-28T00:00:00Z,2693,14,43.06,43.06
Switzerland,CHE,2020-09-21T00:00:00Z,2103,18,43.06,43.06
Switzerland,CHE,2020-09-14T00:00:00Z,2775,14,43.06,43.06
Switzerland,CHE,2020-09-07T00:00:00Z,2387,8,43.06,43.06
Switzerland,CHE,2020-08-31T00:00:00Z,2104,5,43.06,43.06
Switzerland,CHE,2020-08-24T00:00:00Z,1771,4,43.06,43.06
Switzerland,CHE,2020-08-17T00:00:00Z,1517,4,43.06,43.06
Switzerland,CHE,2020-08-10T00:00:00Z,1053,6,43.06,43.06
Switzerland,CHE,2020-08-03T00:00:00Z,1136,5,43.06,43.06
Switzerland,CHE,2020-07-27T00:00:00Z,821,13,39.35,39.35
Switzerland,CHE,2020-07-20T00:00:00Z,706,2,39.35,39.35
Switzerland,CHE,2020-07-13T00:00:00Z,614,0,39.35,39.35
Switzerland,CHE,2020-07-06T00:00:00Z,650,4,39.35,39.35
Switzerland,CHE,2020-06-29T00:00:00Z,325,2,35.19,35.19
Switzerland,CHE,2020-06-22T00:00:00Z,175,3,35.19,35.19
Switzerland,CHE,2020-06-15T00:00:00Z,152,16,46.3,46.3
Switzerland,CHE,2020-06-08T00:00:00Z,103,4,46.3,46.3
Switzerland,CHE,2020-06-01T00:00:00Z,126,15,55.56,55.56
Switzerland,CHE,2020-05-25T00:00:00Z,149,39,58.33,58.33
Switzerland,CHE,2020-05-18T00:00:00Z,282,65,58.33,58.33
Switzerland,CHE,2020-05-11T00:00:00Z,400,65,58.33,58.33
Switzerland,CHE,2020-05-04T00:00:00Z,844,136,69.44,69.44
Switzerland,CHE,2020-04-27T00:00:00Z,1320,202,69.44,69.44
Switzerland,CHE,2020-04-20T00:00:00Z,2438,276,73.15,73.15
Switzerland,CHE,2020-04-13T00:00:00Z,4198,299,73.15,73.15
Switzerland,CHE,2020-04-06T00:00:00Z,6748,302,73.15,73.15
Switzerland,CHE,2020-03-30T00:00:00Z,7303,197,73.15,73.15
Switzerland,CHE,2020-03-23T00:00:00Z,4771,47,73.15,73.15
Switzerland,CHE,2020-03-16T00:00:00Z,1868,11,44.44,44.44
Switzerland,CHE,2020-03-09T00:00:00Z,308,2,25,25
Switzerland,CHE,2020-03-02T00:00:00Z,24,0,19.44,19.44
Switzerland,CHE,2020-02-24T00:00:00Z,0,0,0,0
Switzerland,CHE,2020-02-17T00:00:00Z,0,0,0,0
Switzerland,CHE,2020-02-10T00:00:00Z,0,0,0,0
Switzerland,CHE,2020-02-03T00:00:00Z,0,0,0,0
Switzerland,CHE,2020-01-27T00:00:00Z,0,0,0,0
Switzerland,CHE,2020-01-20T00:00:00Z,0,0,0,0
Switzerland,CHE,2020-01-13T00:00:00Z,0,0,0,0
Switzerland,CHE,2020-01-06T00:00:00Z,0,0,0,0
Ukraine,UKR,2021-01-18T00:00:00Z,44402,1034,NA,75
Ukraine,UKR,2021-01-11T00:00:00Z,45221,981,75,75
Ukraine,UKR,2021-01-04T00:00:00Z,43719,1005,61.57,61.57
Ukraine,UKR,2020-12-28T00:00:00Z,59381,1184,61.57,61.57
Ukraine,UKR,2020-12-21T00:00:00Z,70327,1418,61.57,61.57
Ukraine,UKR,2020-12-14T00:00:00Z,87360,1659,61.57,61.57
Ukraine,UKR,2020-12-07T00:00:00Z,90627,1375,61.57,61.57
Ukraine,UKR,2020-11-30T00:00:00Z,110014,1400,61.57,61.57
Ukraine,UKR,2020-11-23T00:00:00Z,76808,1210,61.57,61.57
Ukraine,UKR,2020-11-16T00:00:00Z,75526,1153,61.57,61.57
Ukraine,UKR,2020-11-09T00:00:00Z,64891,1144,58.8,58.8
Ukraine,UKR,2020-11-02T00:00:00Z,51951,915,58.8,58.8
Ukraine,UKR,2020-10-26T00:00:00Z,39851,718,58.8,58.8
Ukraine,UKR,2020-10-19T00:00:00Z,42604,701,58.8,58.8
Ukraine,UKR,2020-10-12T00:00:00Z,34572,575,58.8,58.8
Ukraine,UKR,2020-10-05T00:00:00Z,27828,438,58.8,58.8
Ukraine,UKR,2020-09-28T00:00:00Z,22956,402,64.35,64.35
Ukraine,UKR,2020-09-21T00:00:00Z,21343,379,64.35,64.35
Ukraine,UKR,2020-09-14T00:00:00Z,18441,367,64.35,64.35
Ukraine,UKR,2020-09-07T00:00:00Z,16820,284,53.24,53.24
Ukraine,UKR,2020-08-31T00:00:00Z,14116,256,66.2,66.2
Ukraine,UKR,2020-08-24T00:00:00Z,12138,182,57.87,57.87
Ukraine,UKR,2020-08-17T00:00:00Z,10863,167,57.87,57.87
Ukraine,UKR,2020-08-10T00:00:00Z,9789,197,57.87,57.87
Ukraine,UKR,2020-08-03T00:00:00Z,7319,120,57.87,57.87
Ukraine,UKR,2020-07-27T00:00:00Z,6007,120,41.67,41.67
Ukraine,UKR,2020-07-20T00:00:00Z,5321,102,41.67,41.67
Ukraine,UKR,2020-07-13T00:00:00Z,5021,134,41.67,41.67
Ukraine,UKR,2020-07-06T00:00:00Z,5518,120,41.67,41.67
Ukraine,UKR,2020-06-29T00:00:00Z,6422,127,41.67,41.67
Ukraine,UKR,2020-06-22T00:00:00Z,5406,113,41.67,41.67
Ukraine,UKR,2020-06-15T00:00:00Z,4155,101,68.06,68.06
Ukraine,UKR,2020-06-08T00:00:00Z,3327,80,76.39,76.39
Ukraine,UKR,2020-06-01T00:00:00Z,2686,91,76.39,76.39
Ukraine,UKR,2020-05-25T00:00:00Z,2695,103,83.33,83.33
Ukraine,UKR,2020-05-18T00:00:00Z,3059,123,88.89,88.89
Ukraine,UKR,2020-05-11T00:00:00Z,3319,103,88.89,88.89
Ukraine,UKR,2020-05-04T00:00:00Z,3296,79,88.89,88.89
Ukraine,UKR,2020-04-27T00:00:00Z,3168,68,88.89,88.89
Ukraine,UKR,2020-04-20T00:00:00Z,2672,58,88.89,88.89
Ukraine,UKR,2020-04-13T00:00:00Z,1469,46,88.89,88.89
Ukraine,UKR,2020-04-06T00:00:00Z,890,28,88.89,88.89
Ukraine,UKR,2020-03-30T00:00:00Z,371,6,88.89,88.89
Ukraine,UKR,2020-03-23T00:00:00Z,44,3,88.89,88.89
Ukraine,UKR,2020-03-16T00:00:00Z,3,0,64.81,64.81
United Kingdom,GBR,2021-01-18T00:00:00Z,323610,7830,NA,79.63
United Kingdom,GBR,2021-01-11T00:00:00Z,417570,6407,79.63,79.63
United Kingdom,GBR,2021-01-04T00:00:00Z,325049,3915,75.93,75.93
United Kingdom,GBR,2020-12-28T00:00:00Z,289583,3708,75.93,75.93
United Kingdom,GBR,2020-12-21T00:00:00Z,190744,3231,73.15,73.15
United Kingdom,GBR,2020-12-14T00:00:00Z,126161,2925,69.44,69.44
United Kingdom,GBR,2020-12-07T00:00:00Z,105915,3000,63.89,63.89
United Kingdom,GBR,2020-11-30T00:00:00Z,105282,3494,70.37,70.37
United Kingdom,GBR,2020-11-23T00:00:00Z,142727,2817,70.37,70.37
United Kingdom,GBR,2020-11-16T00:00:00Z,177305,2890,67.59,67.59
United Kingdom,GBR,2020-11-09T00:00:00Z,157099,2327,69.44,69.44
United Kingdom,GBR,2020-11-02T00:00:00Z,161114,1821,75,75
United Kingdom,GBR,2020-10-26T00:00:00Z,151391,1250,75,75
United Kingdom,GBR,2020-10-19T00:00:00Z,118693,821,65.74,65.74
United Kingdom,GBR,2020-10-12T00:00:00Z,100738,475,60.19,60.19
United Kingdom,GBR,2020-10-05T00:00:00Z,68009,362,67.59,67.59
United Kingdom,GBR,2020-09-28T00:00:00Z,40712,211,67.59,67.59
United Kingdom,GBR,2020-09-21T00:00:00Z,25753,149,65.74,65.74
United Kingdom,GBR,2020-09-14T00:00:00Z,21352,77,65.74,65.74
United Kingdom,GBR,2020-09-07T00:00:00Z,12685,52,64.35,64.35
United Kingdom,GBR,2020-08-31T00:00:00Z,8825,70,66.2,66.2
United Kingdom,GBR,2020-08-24T00:00:00Z,7158,63,66.2,66.2
United Kingdom,GBR,2020-08-17T00:00:00Z,7659,88,66.2,66.2
United Kingdom,GBR,2020-08-10T00:00:00Z,6130,71,69.91,69.91
United Kingdom,GBR,2020-08-03T00:00:00Z,4444,96,69.91,69.91
United Kingdom,GBR,2020-07-27T00:00:00Z,4549,116,64.35,64.35
United Kingdom,GBR,2020-07-20T00:00:00Z,4310,150,64.35,64.35
United Kingdom,GBR,2020-07-13T00:00:00Z,4271,213,64.35,64.35
United Kingdom,GBR,2020-07-06T00:00:00Z,4026,312,64.35,64.35
United Kingdom,GBR,2020-06-29T00:00:00Z,5240,442,71.3,71.3
United Kingdom,GBR,2020-06-22T00:00:00Z,6680,512,71.3,71.3
United Kingdom,GBR,2020-06-15T00:00:00Z,7136,747,71.3,71.3
United Kingdom,GBR,2020-06-08T00:00:00Z,8524,1174,73.15,73.15
United Kingdom,GBR,2020-06-01T00:00:00Z,10907,1488,67.59,67.59
United Kingdom,GBR,2020-05-25T00:00:00Z,16360,2137,71.3,71.3
United Kingdom,GBR,2020-05-18T00:00:00Z,19857,2428,71.3,71.3
United Kingdom,GBR,2020-05-11T00:00:00Z,22867,3174,77.78,77.78
United Kingdom,GBR,2020-05-04T00:00:00Z,31282,4227,79.63,79.63
United Kingdom,GBR,2020-04-27T00:00:00Z,32830,5512,79.63,79.63
United Kingdom,GBR,2020-04-20T00:00:00Z,32027,6166,79.63,79.63
United Kingdom,GBR,2020-04-13T00:00:00Z,32205,6440,79.63,79.63
United Kingdom,GBR,2020-04-06T00:00:00Z,30357,4197,79.63,79.63
United Kingdom,GBR,2020-03-30T00:00:00Z,17889,1388,79.63,79.63
United Kingdom,GBR,2020-03-23T00:00:00Z,6329,245,78.24,78.24
United Kingdom,GBR,2020-03-16T00:00:00Z,2193,41,16.67,16.67
United Kingdom,GBR,2020-03-09T00:00:00Z,365,2,11.11,11.11
United Kingdom,GBR,2020-03-02T00:00:00Z,36,0,11.11,11.11
United Kingdom,GBR,2020-02-24T00:00:00Z,1,0,11.11,11.11
United Kingdom,GBR,2020-02-17T00:00:00Z,2,0,11.11,11.11
United Kingdom,GBR,2020-02-10T00:00:00Z,6,0,11.11,11.11
United Kingdom,GBR,2020-02-03T00:00:00Z,2,0,11.11,11.11
United Kingdom,GBR,2020-01-27T00:00:00Z,0,0,5.56,5.56
United Kingdom,GBR,2020-01-20T00:00:00Z,0,0,5.56,5.56
United Kingdom,GBR,2020-01-13T00:00:00Z,0,0,0,0
United Kingdom,GBR,2020-01-06T00:00:00Z,0,0,0,0
